ID;Filière;Produit exact;Pays;Année / campagne;Période couverte;Type de prix;Stade de commercialisation;Qualité / spécification;Prix original;Monnaie;Unité d'origine;kg par unité;Code période (change);Taux de change (monnaie / USD);Source du taux de change;Taux FCFA / USD (même période);Prix USD/kg;Prix FCFA/kg;Facteur d'équivalence;Base de comparaison;Prix FCFA/kg (base de comparaison);ID référence internationale;Prix international de référence (FCFA/kg);Taux de transmission;ID valeur FOB/CAF nationale;Valeur FOB/CAF (FCFA/kg);Part producteur dans FOB/CAF;Source;URL;Date de consultation;Fiabilité;Remarque méthodologique
CAC-CI-2016/17-P;Cacao;Fèves de cacao marchandes;Côte d'Ivoire;2016/17;Campagne principale (oct.-mars);Prix minimum garanti (administré);Bord champ;Bien fermenté, séché, trié (grade marchand);1100;XOF;kg;1;2016-10:2017-03;612,13;BCE (parité fixe 655,957 FCFA/EUR);612,13;1,79701;1100;1;FCFA/kg de produit tel que vendu;1100;INT-CAC-2016/17-P;1405,57;0,782601;;;;CCC / Gouvernement (via Connectionivoirienne) – Le kilo de cacao à 1 100 FCFA pour la campagne 2016-2017;https://connectionivoirienne.net/2016/09/28/cote-divoire-le-kilo-de-cacao-a-1-100-fcfa-pour-la-campagne-2016-2017;2026-10-01;B;"Prix administré par le CCC ; ventes anticipées ; règle ≥60 % du prix CAF de référence"
CAC-CI-2016/17-I;Cacao;Fèves de cacao marchandes;Côte d'Ivoire;2016/17;Campagne intermédiaire (avr.-sept.);Prix minimum garanti (administré);Bord champ;Bien fermenté, séché, trié (grade marchand);700;XOF;kg;1;2017-04:2017-09;577,514;BCE (parité fixe 655,957 FCFA/EUR);577,514;1,21209;700;1;FCFA/kg de produit tel que vendu;700;INT-CAC-2016/17-I;1147,17;0,610199;;;;CCC (via Connectionivoirienne) – Prix bord champ du cacao pour la campagne intermédiaire fixé à 700 FCFA;https://connectionivoirienne.net/2017/03/30/cote-divoire-le-prix-bord-champ-du-cacao-pour-la-campagne-intermediaire-fixe-a-700-fcfa-1-euro/;2026-10-01;B;"Prix administré par le CCC ; ventes anticipées ; règle ≥60 % du prix CAF de référence"
CAC-CI-2017/18-P;Cacao;Fèves de cacao marchandes;Côte d'Ivoire;2017/18;Campagne principale (oct.-mars);Prix minimum garanti (administré);Bord champ;Bien fermenté, séché, trié (grade marchand);700;XOF;kg;1;2017-10:2018-03;545,278;BCE (parité fixe 655,957 FCFA/EUR);545,278;1,28375;700;1;FCFA/kg de produit tel que vendu;700;INT-CAC-2017/18-P;1156,1;0,605484;;;;CCC (via Connectionivoirienne) – Le prix d'achat au producteur de cacao maintenu à 700 FCFA (campagne intermédiaire 2017-2018);https://connectionivoirienne.net/2018/03/30/le-prix-dachat-au-producteur-de-cacao-en-cote-divoire-maintenu-a-700-francs-cfa;2026-10-01;B;"Prix administré par le CCC ; ventes anticipées ; règle ≥60 % du prix CAF de référence"
CAC-CI-2017/18-I;Cacao;Fèves de cacao marchandes;Côte d'Ivoire;2017/18;Campagne intermédiaire (avr.-sept.);Prix minimum garanti (administré);Bord champ;Bien fermenté, séché, trié (grade marchand);700;XOF;kg;1;2018-04:2018-09;557,214;BCE (parité fixe 655,957 FCFA/EUR);557,214;1,25625;700;1;FCFA/kg de produit tel que vendu;700;INT-CAC-2017/18-I;1339,08;0,522748;;;;CCC (via Connectionivoirienne) – Le prix d'achat au producteur de cacao maintenu à 700 FCFA (campagne intermédiaire 2017-2018);https://connectionivoirienne.net/2018/03/30/le-prix-dachat-au-producteur-de-cacao-en-cote-divoire-maintenu-a-700-francs-cfa;2026-10-01;B;"Prix administré par le CCC ; ventes anticipées ; règle ≥60 % du prix CAF de référence"
CAC-CI-2018/19-P;Cacao;Fèves de cacao marchandes;Côte d'Ivoire;2018/19;Campagne principale (oct.-mars);Prix minimum garanti (administré);Bord champ;Bien fermenté, séché, trié (grade marchand);750;XOF;kg;1;2018-10:2019-03;576,214;BCE (parité fixe 655,957 FCFA/EUR);576,214;1,3016;750;1;FCFA/kg de produit tel que vendu;750;INT-CAC-2018/19-P;1272,21;0,589525;;;;CCC (via Agence Ecofin) – Cocoa farm-gate price set to CFA750 per kilo for 2018/2019 season;https://www.ecofinagency.com/agriculture/0210-39023-cote-d-ivoire-cocoa-farm-gate-price-set-to-cfa750-per-kilo-for-2018/2019-season;2026-10-01;B;"Prix administré par le CCC ; ventes anticipées ; règle ≥60 % du prix CAF de référence"
CAC-CI-2018/19-I;Cacao;Fèves de cacao marchandes;Côte d'Ivoire;2018/19;Campagne intermédiaire (avr.-sept.);Prix minimum garanti (administré);Bord champ;Bien fermenté, séché, trié (grade marchand);750;XOF;kg;1;2019-04:2019-09;586,898;BCE (parité fixe 655,957 FCFA/EUR);586,898;1,27791;750;1;FCFA/kg de produit tel que vendu;750;INT-CAC-2018/19-I;1366,55;0,548827;;;;Gouvernement (via Afrique-sur7) – Le gouvernement maintient le prix du cacao à 750 FCFA pour la campagne intermédiaire;https://www.afrique-sur7.fr/420663-prix-cacao-750-campagne-intermediaire;2026-10-01;B;"Prix administré par le CCC ; ventes anticipées ; règle ≥60 % du prix CAF de référence"
CAC-CI-2019/20-P;Cacao;Fèves de cacao marchandes;Côte d'Ivoire;2019/20;Campagne principale (oct.-mars);Prix minimum garanti (administré);Bord champ;Bien fermenté, séché, trié (grade marchand);825;XOF;kg;1;2019-10:2020-03;593,777;BCE (parité fixe 655,957 FCFA/EUR);593,777;1,38941;825;1;FCFA/kg de produit tel que vendu;825;INT-CAC-2019/20-P;1490,12;0,553646;;;;CCC (via Connectionivoirienne) – Le prix du kg de cacao fixé à 825 FCFA pour la campagne 2019-2020;https://connectionivoirienne.net/2019/10/01/le-prix-du-kg-de-cacao-fixe-a-825-fcfa-en-cote-divoire-pour-la-campagne-2019-2020/;2026-10-01;B;"Prix administré par le CCC ; ventes anticipées ; règle ≥60 % du prix CAF de référence"
CAC-CI-2019/20-I;Cacao;Fèves de cacao marchandes;Côte d'Ivoire;2019/20;Campagne intermédiaire (avr.-sept.);Prix minimum garanti (administré);Bord champ;Bien fermenté, séché, trié (grade marchand);825;XOF;kg;1;2020-04:2020-09;578,58;BCE (parité fixe 655,957 FCFA/EUR);578,58;1,4259;825;1;FCFA/kg de produit tel que vendu;825;INT-CAC-2019/20-I;1323,33;0,623429;;;;CCC (via Connectionivoirienne) – Le prix bord champ du cacao maintenu à 825 FCFA/kg pour la petite traite (le prix de marché aurait été de 625 FCFA);https://connectionivoirienne.net/2020/04/01/le-prix-bord-champ-du-cacao-maintenu-a-825-fcfa-kg-pour-la-petite-traite-en-cote-divoire/;2026-10-01;B;"Prix administré par le CCC ; ventes anticipées ; règle ≥60 % du prix CAF de référence"
CAC-CI-2020/21-P;Cacao;Fèves de cacao marchandes;Côte d'Ivoire;2020/21;Campagne principale (oct.-mars);Prix minimum garanti (administré);Bord champ;Bien fermenté, séché, trié (grade marchand);1000;XOF;kg;1;2020-10:2021-03;547,104;BCE (parité fixe 655,957 FCFA/EUR);547,104;1,82781;1000;1;FCFA/kg de produit tel que vendu;1000;INT-CAC-2020/21-P;1305,35;0,766076;;;;CCC (via BusinessWorld/Reuters) – Ivory Coast raises 2020/21 cocoa farmgate price by 21% (1 000 FCFA/kg);https://www.pressreader.com/philippines/business-world/20201005/281676847366265;2026-10-01;B;"Prix administré par le CCC ; ventes anticipées ; règle ≥60 % du prix CAF de référence"
CAC-CI-2020/21-I;Cacao;Fèves de cacao marchandes;Côte d'Ivoire;2020/21;Campagne intermédiaire (avr.-sept.);Prix minimum garanti (administré);Bord champ;Bien fermenté, séché, trié (grade marchand);750;XOF;kg;1;2021-04:2021-09;550,256;BCE (parité fixe 655,957 FCFA/EUR);550,256;1,363;750;1;FCFA/kg de produit tel que vendu;750;INT-CAC-2020/21-I;1331,34;0,563343;;;;CCC (via KOACI) – Cacao : le Conseil fixe le kg de la fève à 750 FCFA pour la campagne intermédiaire;https://www.koaci.com/index.php/article/2021/03/31/cote-divoire/politique/cote-divoire-cacao-le-conseil-fixe-le-kg-de-la-feve-a-750-fcfa-pour-la-campagne-intermediaire_149966.html;2026-10-01;B;"Prix administré par le CCC ; ventes anticipées ; règle ≥60 % du prix CAF de référence"
CAC-CI-2021/22-P;Cacao;Fèves de cacao marchandes;Côte d'Ivoire;2021/22;Campagne principale (oct.-mars);Prix minimum garanti (administré);Bord champ;Bien fermenté, séché, trié (grade marchand);825;XOF;kg;1;2021-10:2022-03;578,966;BCE (parité fixe 655,957 FCFA/EUR);578,966;1,42495;825;1;FCFA/kg de produit tel que vendu;825;INT-CAC-2021/22-P;1430,1;0,576881;;;;CCC (via Connectionivoirienne) – Le prix bord-champ du café fixé à 700 FCFA/kg, le cacao à 825 FCFA;https://connectionivoirienne.net/2021/10/01/le-prix-bord-champ-du-cafe-fixe-a-700-fcfa-kg/;2026-10-01;B;"Prix administré par le CCC ; ventes anticipées ; règle ≥60 % du prix CAF de référence"
CAC-CI-2021/22-I;Cacao;Fèves de cacao marchandes;Côte d'Ivoire;2021/22;Campagne intermédiaire (avr.-sept.);Prix minimum garanti (administré);Bord champ;Bien fermenté, séché, trié (grade marchand);825;XOF;kg;1;2022-04:2022-09;633,605;BCE (parité fixe 655,957 FCFA/EUR);633,605;1,30207;825;1;FCFA/kg de produit tel que vendu;825;INT-CAC-2021/22-I;1478,95;0,55783;;;;CCC (via Abidjan.net) – Le prix du kg de cacao pour la campagne intermédiaire maintenu à 825 FCFA;https://news.abidjan.net/articles/706140/cote-divoire-le-prix-du-kg-de-cacao-pour-la-campagne-intermediaire-maintenu-a-825-fcfa;2026-10-01;B;"Prix administré par le CCC ; ventes anticipées ; règle ≥60 % du prix CAF de référence"
CAC-CI-2022/23-P;Cacao;Fèves de cacao marchandes;Côte d'Ivoire;2022/23;Campagne principale (oct.-mars);Prix minimum garanti (administré);Bord champ;Bien fermenté, séché, trié (grade marchand);900;XOF;kg;1;2022-10:2023-03;627,35;BCE (parité fixe 655,957 FCFA/EUR);627,35;1,43461;900;1;FCFA/kg de produit tel que vendu;900;INT-CAC-2022/23-P;1595,39;0,564125;;;;CCC (via Further Africa/Reuters) – Ivory Coast raises cocoa farmgate price by 9% for 2022/2023 (900 FCFA/kg);https://furtherafrica.com/2022/10/03/ivory-coast-raises-cocoa-farmgate-price-by-9-for-2022-2023-harvest/;2026-10-01;B;"Prix administré par le CCC ; ventes anticipées ; règle ≥60 % du prix CAF de référence"
CAC-CI-2022/23-I;Cacao;Fèves de cacao marchandes;Côte d'Ivoire;2022/23;Campagne intermédiaire (avr.-sept.);Prix minimum garanti (administré);Bord champ;Bien fermenté, séché, trié (grade marchand);900;XOF;kg;1;2023-04:2023-09;602,546;BCE (parité fixe 655,957 FCFA/EUR);602,546;1,49366;900;1;FCFA/kg de produit tel que vendu;900;INT-CAC-2022/23-I;1955,89;0,460149;;;;CCC (via ConfectioneryNews) – Mid-crop 2022/23 farmgate price unchanged at 900 XOF/kg;https://www.confectionerynews.com/Article/2023/05/03/cocoa-futures-up-6-as-farmgate-prices-stall-due-to-sluggish-exports-in-cote-d-ivoire/;2026-10-01;B;"Prix administré par le CCC ; ventes anticipées ; règle ≥60 % du prix CAF de référence"
CAC-CI-2023/24-P;Cacao;Fèves de cacao marchandes;Côte d'Ivoire;2023/24;Campagne principale (oct.-mars);Prix minimum garanti (administré);Bord champ;Bien fermenté, séché, trié (grade marchand);1000;XOF;kg;1;2023-10:2024-03;607,011;BCE (parité fixe 655,957 FCFA/EUR);607,011;1,64742;1000;1;FCFA/kg de produit tel que vendu;1000;INT-CAC-2023/24-P;2924,67;0,341918;;;;CCC (via Sika Finance) – Des prix d'achat de 1 000 FCFA/kg pour le cacao et 900 FCFA/kg pour le café;https://www.sikafinance.com/marches/cote-divoire-des-prix-dachat-de-1-000-fcfakg-pour-le-cacao-et-900-fcfakg-pour-le-cafe_42852;2026-10-01;B;"Prix administré par le CCC ; ventes anticipées ; règle ≥60 % du prix CAF de référence"
CAC-CI-2023/24-I;Cacao;Fèves de cacao marchandes;Côte d'Ivoire;2023/24;Campagne intermédiaire (avr.-sept.);Prix minimum garanti (administré);Bord champ;Bien fermenté, séché, trié (grade marchand);1500;XOF;kg;1;2024-04:2024-09;603,169;BCE (parité fixe 655,957 FCFA/EUR);603,169;2,48686;1500;1;FCFA/kg de produit tel que vendu;1500;INT-CAC-2023/24-I;4628,4;0,324086;;;;CCC (via FoodBev/Reuters) – Ivory Coast raises cocoa farmgate price by 50% (1 500 FCFA/kg, avril 2024);https://www.foodbev.com/news/ivory-coast-raises-cocoa-farmgate-price-by-50/;2026-10-01;B;"Prix administré par le CCC ; ventes anticipées ; règle ≥60 % du prix CAF de référence"
CAC-CI-2024/25-P;Cacao;Fèves de cacao marchandes;Côte d'Ivoire;2024/25;Campagne principale (oct.-mars);Prix minimum garanti (administré);Bord champ;Bien fermenté, séché, trié (grade marchand);1800;XOF;kg;1;2024-10:2025-03;619,186;BCE (parité fixe 655,957 FCFA/EUR);619,186;2,90704;1800;1;FCFA/kg de produit tel que vendu;1800;INT-CAC-2024/25-P;5527,02;0,325673;;;;CCC (via Agence Ecofin) – Côte d'Ivoire : 1 800 FCFA le kg de cacao pour la campagne principale 2024/2025;https://www.agenceecofin.com/cacao/0110-122025-cote-d-ivoire-1800-fcfa-le-kg-de-cacao-pour-la-campagne-principale-2024/2025;2026-10-01;B;"Prix administré par le CCC ; ventes anticipées ; règle ≥60 % du prix CAF de référence"
CAC-CI-2024/25-I;Cacao;Fèves de cacao marchandes;Côte d'Ivoire;2024/25;Campagne intermédiaire (avr.-sept.);Prix minimum garanti (administré);Bord champ;Bien fermenté, séché, trié (grade marchand);2200;XOF;kg;1;2025-04:2025-09;570,164;BCE (parité fixe 655,957 FCFA/EUR);570,164;3,85854;2200;1;FCFA/kg de produit tel que vendu;2200;INT-CAC-2024/25-I;4517,8;0,486962;;;;CCC (via allAfrica/Fraternité Matin) – Le prix d'achat aux planteurs fixé à 2 200 FCFA, un nouveau record;https://fr.allafrica.com/stories/202504030258.html;2026-10-01;B;"Prix administré par le CCC ; ventes anticipées ; règle ≥60 % du prix CAF de référence"
CAC-CI-2025/26-P;Cacao;Fèves de cacao marchandes;Côte d'Ivoire;2025/26;Campagne principale (oct.-mars);Prix minimum garanti (administré);Bord champ;Bien fermenté, séché, trié (grade marchand);2800;XOF;kg;1;2025-10:2026-03;562,128;BCE (parité fixe 655,957 FCFA/EUR);562,128;4,98107;2800;1;FCFA/kg de produit tel que vendu;2800;INT-CAC-2025/26-P;2731,1;1,02523;;;;Présidence / CCC (via AIP) – Campagne 2025-2026 : prix bord champ du cacao 2 800 FCFA/kg et café 1 700 FCFA/kg;https://www.aip.ci/257389/cote-divoire-aip-campagne-2025-2026-le-prix-bord-champ-du-cacao-fixe-a-2-800-fcfa-kg-et-celui-du-cafe-a-1-700-fcfa-kg-alassane-ouattara/;2026-10-01;B;"Prix administré par le CCC ; ventes anticipées ; règle ≥60 % du prix CAF de référence"
CAC-CI-2025/26-I;Cacao;Fèves de cacao marchandes;Côte d'Ivoire;2025/26;Campagne intermédiaire (avr.-sept.);Prix minimum garanti (administré);Bord champ;Bien fermenté, séché, trié (grade marchand);1200;XOF;kg;1;2026-04:2026-09;566,224;BCE (parité fixe 655,957 FCFA/EUR);566,224;2,1193;1200;1;FCFA/kg de produit tel que vendu;1200;INT-CAC-2025/26-I;2666,35;0,450053;;;;MINADERPV / CCC (via KOACI) – Cacao : prix bord champ fixé à 1 200 FCFA/kg pour la campagne intermédiaire 2025-2026;https://www.koaci.com/article/2026/03/04/cote-divoire/societe/cote-divoire-cacao-le-prix-bord-champ-fixe-a-1-200-fcfakg-pour-la-campagne-intermediaire-2025-2026_194830.html;2026-10-01;B;"Prix administré par le CCC ; ventes anticipées ; règle ≥60 % du prix CAF de référence"
CAC-GH-2016/17-P;Cacao;Fèves de cacao marchandes;Ghana;2016/17;Campagne principale (oct.-mars);Prix producteur fixé (COCOBOD);Bord champ (centres d'achat LBC);Grade I/II (contrôle QCC);7600;GHS;tonne;1000;2016-10:2017-03;4,1874;BRI / Banque du Ghana (moyenne de période);612,13;1,81497;1111;1;FCFA/kg de produit tel que vendu;1111;INT-CAC-2016/17-P;1405,57;0,790424;;;;"COCOBOD (via The Cocoa Post) – Producer price of cocoa up 8.42% (GH¢475 → GH¢515/bag ; 7 600 → 8 240 GH¢/t)";https://thecocoapost.com/producer-price-of-cocoa-up-8-42/;2026-10-01;B;GH¢475/sac de 64 kg brut
CAC-GH-2016/17-I;Cacao;Fèves de cacao marchandes;Ghana;2016/17;Campagne intermédiaire (avr.-sept.);Prix producteur fixé (COCOBOD);Bord champ (centres d'achat LBC);Grade I/II (contrôle QCC);7600;GHS;tonne;1000;2017-04:2017-09;4,32068;BRI / Banque du Ghana (moyenne de période);577,514;1,75898;1015,84;1;FCFA/kg de produit tel que vendu;1015,84;INT-CAC-2016/17-I;1147,17;0,885517;;;;"COCOBOD (via The Cocoa Post) – Producer price of cocoa up 8.42% (GH¢475 → GH¢515/bag ; 7 600 → 8 240 GH¢/t)";https://thecocoapost.com/producer-price-of-cocoa-up-8-42/;2026-10-01;B;GH¢475/sac de 64 kg brut
CAC-GH-2017/18-P;Cacao;Fèves de cacao marchandes;Ghana;2017/18;Campagne principale (oct.-mars);Prix producteur fixé (COCOBOD);Bord champ (centres d'achat LBC);Grade I/II (contrôle QCC);7600;GHS;tonne;1000;2017-10:2018-03;4,40727;BRI / Banque du Ghana (moyenne de période);545,278;1,72442;940,291;1;FCFA/kg de produit tel que vendu;940,291;INT-CAC-2017/18-P;1156,1;0,813331;;;;"COCOBOD (via The Cocoa Post) – Producer price of cocoa up 8.42% (GH¢475 → GH¢515/bag ; 7 600 → 8 240 GH¢/t)";https://thecocoapost.com/producer-price-of-cocoa-up-8-42/;2026-10-01;B;Prix inchangé
CAC-GH-2017/18-I;Cacao;Fèves de cacao marchandes;Ghana;2017/18;Campagne intermédiaire (avr.-sept.);Prix producteur fixé (COCOBOD);Bord champ (centres d'achat LBC);Grade I/II (contrôle QCC);7600;GHS;tonne;1000;2018-04:2018-09;4,56278;BRI / Banque du Ghana (moyenne de période);557,214;1,66565;928,123;1;FCFA/kg de produit tel que vendu;928,123;INT-CAC-2017/18-I;1339,08;0,693107;;;;"COCOBOD (via The Cocoa Post) – Producer price of cocoa up 8.42% (GH¢475 → GH¢515/bag ; 7 600 → 8 240 GH¢/t)";https://thecocoapost.com/producer-price-of-cocoa-up-8-42/;2026-10-01;B;Prix inchangé
CAC-GH-2018/19-P;Cacao;Fèves de cacao marchandes;Ghana;2018/19;Campagne principale (oct.-mars);Prix producteur fixé (COCOBOD);Bord champ (centres d'achat LBC);Grade I/II (contrôle QCC);7600;GHS;tonne;1000;2018-10:2019-03;4,91397;BRI / Banque du Ghana (moyenne de période);576,214;1,54661;891,18;1;FCFA/kg de produit tel que vendu;891,18;INT-CAC-2018/19-P;1272,21;0,700496;;;;"COCOBOD (via The Cocoa Post) – Producer price of cocoa up 8.42% (GH¢475 → GH¢515/bag ; 7 600 → 8 240 GH¢/t)";https://thecocoapost.com/producer-price-of-cocoa-up-8-42/;2026-10-01;B;Prix inchangé
CAC-GH-2018/19-I;Cacao;Fèves de cacao marchandes;Ghana;2018/19;Campagne intermédiaire (avr.-sept.);Prix producteur fixé (COCOBOD);Bord champ (centres d'achat LBC);Grade I/II (contrôle QCC);7600;GHS;tonne;1000;2019-04:2019-09;5,2113;BRI / Banque du Ghana (moyenne de période);586,898;1,45837;855,913;1;FCFA/kg de produit tel que vendu;855,913;INT-CAC-2018/19-I;1366,55;0,626331;;;;"COCOBOD (via The Cocoa Post) – Producer price of cocoa up 8.42% (GH¢475 → GH¢515/bag ; 7 600 → 8 240 GH¢/t)";https://thecocoapost.com/producer-price-of-cocoa-up-8-42/;2026-10-01;B;Prix inchangé
CAC-GH-2019/20-P;Cacao;Fèves de cacao marchandes;Ghana;2019/20;Campagne principale (oct.-mars);Prix producteur fixé (COCOBOD);Bord champ (centres d'achat LBC);Grade I/II (contrôle QCC);8240;GHS;tonne;1000;2019-10:2020-03;5,4089;BRI / Banque du Ghana (moyenne de période);593,777;1,52342;904,568;1;FCFA/kg de produit tel que vendu;904,568;INT-CAC-2019/20-P;1490,12;0,607043;;;;"COCOBOD (via The Cocoa Post) – Producer price of cocoa up 8.42% (GH¢475 → GH¢515/bag ; 7 600 → 8 240 GH¢/t)";https://thecocoapost.com/producer-price-of-cocoa-up-8-42/;2026-10-01;B;GH¢515/sac
CAC-GH-2019/20-I;Cacao;Fèves de cacao marchandes;Ghana;2019/20;Campagne intermédiaire (avr.-sept.);Prix producteur fixé (COCOBOD);Bord champ (centres d'achat LBC);Grade I/II (contrôle QCC);8240;GHS;tonne;1000;2020-04:2020-09;5,63488;BRI / Banque du Ghana (moyenne de période);578,58;1,46232;846,069;1;FCFA/kg de produit tel que vendu;846,069;INT-CAC-2019/20-I;1323,33;0,63935;;;;"COCOBOD (via The Cocoa Post) – Producer price of cocoa up 8.42% (GH¢475 → GH¢515/bag ; 7 600 → 8 240 GH¢/t)";https://thecocoapost.com/producer-price-of-cocoa-up-8-42/;2026-10-01;B;GH¢515/sac
CAC-GH-2020/21-P;Cacao;Fèves de cacao marchandes;Ghana;2020/21;Campagne principale (oct.-mars);Prix producteur fixé (COCOBOD);Bord champ (centres d'achat LBC);Grade I/II (contrôle QCC);10560;GHS;tonne;1000;2020-10:2021-03;5,73027;BRI / Banque du Ghana (moyenne de période);547,104;1,84285;1008,23;1;FCFA/kg de produit tel que vendu;1008,23;INT-CAC-2020/21-P;1305,35;0,772379;;;;COCOBOD – Cocoa producer price goes up 28% from GH¢515 to GH¢660 per bag (10 560 GH¢/t);https://cocobod.gh/news/cocoa-producer-price-goes-up-28-from-gh515-to-gh660-per-bag;2026-10-01;A;"GH¢660/sac ; intègre le différentiel de revenu décent (LID, 400 USD/t)"
CAC-GH-2020/21-I;Cacao;Fèves de cacao marchandes;Ghana;2020/21;Campagne intermédiaire (avr.-sept.);Prix producteur fixé (COCOBOD);Bord champ (centres d'achat LBC);Grade I/II (contrôle QCC);10560;GHS;tonne;1000;2021-04:2021-09;5,78115;BRI / Banque du Ghana (moyenne de période);550,256;1,82663;1005,11;1;FCFA/kg de produit tel que vendu;1005,11;INT-CAC-2020/21-I;1331,34;0,754964;;;;COCOBOD – Cocoa producer price goes up 28% from GH¢515 to GH¢660 per bag (10 560 GH¢/t);https://cocobod.gh/news/cocoa-producer-price-goes-up-28-from-gh515-to-gh660-per-bag;2026-10-01;A;"GH¢660/sac ; intègre le différentiel de revenu décent (LID, 400 USD/t)"
CAC-GH-2021/22-P;Cacao;Fèves de cacao marchandes;Ghana;2021/22;Campagne principale (oct.-mars);Prix producteur fixé (COCOBOD);Bord champ (centres d'achat LBC);Grade I/II (contrôle QCC);10560;GHS;tonne;1000;2021-10:2022-03;6,18397;BRI / Banque du Ghana (moyenne de période);578,966;1,70764;988,667;1;FCFA/kg de produit tel que vendu;988,667;INT-CAC-2021/22-P;1430,1;0,691325;;;;Gouvernement du Ghana (via B&FT) – Gov't maintains cocoa price at GH¢660 per bag (87,15 % du FOB);https://thebftonline.com/?p=97805;2026-10-01;B;"Prix maintenu ; 87,15 % du FOB selon le gouvernement"
CAC-GH-2021/22-I;Cacao;Fèves de cacao marchandes;Ghana;2021/22;Campagne intermédiaire (avr.-sept.);Prix producteur fixé (COCOBOD);Bord champ (centres d'achat LBC);Grade I/II (contrôle QCC);10560;GHS;tonne;1000;2022-04:2022-09;7,60432;BRI / Banque du Ghana (moyenne de période);633,605;1,38868;879,877;1;FCFA/kg de produit tel que vendu;879,877;INT-CAC-2021/22-I;1478,95;0,594935;;;;Gouvernement du Ghana (via B&FT) – Gov't maintains cocoa price at GH¢660 per bag (87,15 % du FOB);https://thebftonline.com/?p=97805;2026-10-01;B;"Prix maintenu ; 87,15 % du FOB selon le gouvernement"
CAC-GH-2022/23-P;Cacao;Fèves de cacao marchandes;Ghana;2022/23;Campagne principale (oct.-mars);Prix producteur fixé (COCOBOD);Bord champ (centres d'achat LBC);Grade I/II (contrôle QCC);12800;GHS;tonne;1000;2022-10:2023-03;11,0103;BRI / Banque du Ghana (moyenne de période);627,35;1,16255;729,326;1;FCFA/kg de produit tel que vendu;729,326;INT-CAC-2022/23-P;1595,39;0,457146;;;;"COCOBOD – Press release – opening of 2022/23 main crop season (GH¢800/bag ; 12 800 GH¢/t)";https://cocobod.gh/news/press-release-opening-of-202223-main-crop-season;2026-10-01;A;GH¢800/sac
CAC-GH-2022/23-I;Cacao;Fèves de cacao marchandes;Ghana;2022/23;Campagne intermédiaire (avr.-sept.);Prix producteur fixé (COCOBOD);Bord champ (centres d'achat LBC);Grade I/II (contrôle QCC);12800;GHS;tonne;1000;2023-04:2023-09;10,9871;BRI / Banque du Ghana (moyenne de période);602,546;1,165;701,967;1;FCFA/kg de produit tel que vendu;701,967;INT-CAC-2022/23-I;1955,89;0,358899;;;;"COCOBOD – Press release – opening of 2022/23 main crop season (GH¢800/bag ; 12 800 GH¢/t)";https://cocobod.gh/news/press-release-opening-of-202223-main-crop-season;2026-10-01;A;GH¢800/sac
CAC-GH-2023/24-P;Cacao;Fèves de cacao marchandes;Ghana;2023/24;Campagne principale (oct.-mars);Prix producteur fixé (COCOBOD);Bord champ (centres d'achat LBC);Grade I/II (contrôle QCC);20928;GHS;tonne;1000;2023-10:2024-03;11,8946;BRI / Banque du Ghana (moyenne de période);607,011;1,75946;1068,01;1;FCFA/kg de produit tel que vendu;1068,01;INT-CAC-2023/24-P;2924,67;0,365173;;;;Gouvernement du Ghana (via Graphic Online) – Cocoa price up: bag from GH¢800 to GH¢1 308 (20 928 GH¢/t);https://www.graphic.com.gh/news/general-news/govt-increases-cocoa-price-bag-up-from-gh-800-to-gh-1-308-tome-now-gh-20-943-from-gh-12-800.html;2026-10-01;B;1 308 GH¢/sac (Graphic : 20 943 GH¢/t) puis 33 120 GH¢/t à compter du 05/04/2024
CAC-GH-2023/24-I;Cacao;Fèves de cacao marchandes;Ghana;2023/24;Campagne intermédiaire (avr.-sept.);Prix producteur fixé (COCOBOD);Bord champ (centres d'achat LBC);Grade I/II (contrôle QCC);33120;GHS;tonne;1000;2024-04:2024-09;14,4331;BRI / Banque du Ghana (moyenne de période);603,169;2,29473;1384,11;1;FCFA/kg de produit tel que vendu;1384,11;INT-CAC-2023/24-I;4628,4;0,299047;;;;COCOBOD (compte officiel X) – Producer price increased by 58.26% from GH¢20 928 to GH¢33 120 per tonne from 5 April 2024;https://x.com/ghcocobod/status/1776312981111873684;2026-10-01;A;1 308 GH¢/sac (Graphic : 20 943 GH¢/t) puis 33 120 GH¢/t à compter du 05/04/2024
CAC-GH-2024/25-P;Cacao;Fèves de cacao marchandes;Ghana;2024/25;Campagne principale (oct.-mars);Prix producteur fixé (COCOBOD);Bord champ (centres d'achat LBC);Grade I/II (contrôle QCC);48000;GHS;tonne;1000;2024-10:2025-03;15,4571;BRI / Banque du Ghana (moyenne de période);619,186;3,10538;1922,81;1;FCFA/kg de produit tel que vendu;1922,81;INT-CAC-2024/25-P;5527,02;0,347892;;;;COCOBOD – Review of the producer price of cocoa for the 2024/2025 season (48 000 GH¢/t, 11 sept. 2024);https://cocobod.gh/news/review-of-the-producer-price-of-cocoa-for-the-20242025-cocoa-season-wednesday-11th-september-2024;2026-10-01;A;48 000 GH¢/t (11/09/2024), relevé à 49 600 GH¢/t en cours de campagne
CAC-GH-2024/25-I;Cacao;Fèves de cacao marchandes;Ghana;2024/25;Campagne intermédiaire (avr.-sept.);Prix producteur fixé (COCOBOD);Bord champ (centres d'achat LBC);Grade I/II (contrôle QCC);49600;GHS;tonne;1000;2025-04:2025-09;11,8216;BRI / Banque du Ghana (moyenne de période);570,164;4,19572;2392,24;1;FCFA/kg de produit tel que vendu;2392,24;INT-CAC-2024/25-I;4517,8;0,529515;;;;Gouvernement du Ghana (via Graphic Online) – Cocoa price shoots to GH¢49 600 a tonne;https://www.graphic.com.gh/news/general-news/ghana-news-cocoa-price-shoots-to-ghc49-600-a-tonne-its-3rd-price-adjustment-in-9-months.html;2026-10-01;B;48 000 GH¢/t (11/09/2024), relevé à 49 600 GH¢/t en cours de campagne
CAC-GH-2025/26-P;Cacao;Fèves de cacao marchandes;Ghana;2025/26;Campagne principale (oct.-mars);Prix producteur fixé (COCOBOD);Bord champ (centres d'achat LBC);Grade I/II (contrôle QCC);58000;GHS;tonne;1000;2025-10:2026-03;10,9981;BRI / Banque du Ghana (moyenne de période);562,128;5,27363;2964,45;1;FCFA/kg de produit tel que vendu;2964,45;INT-CAC-2025/26-P;2731,1;1,08544;;;;COCOBOD / Citi Newsroom – 51 660 GH¢/t (70 % FOB 7 200 USD à 10,25) → 58 000 GH¢/t (11,5 GH¢/USD) → 41 392 GH¢/t au 12/02/2026 (90 % FOB 4 200 USD);https://citinewsroom.com/2026/02/cocoa-producer-price-cut-to-gh%C2%A241392-per-tonne-from-gh%C2%A251660/;2026-10-01;B;"51 660 (août 2025) → 58 000 GH¢/t ; abaissé à 41 392 GH¢/t le 12/02/2026"
CAC-GH-2025/26-I;Cacao;Fèves de cacao marchandes;Ghana;2025/26;Campagne intermédiaire (avr.-sept.);Prix producteur fixé (COCOBOD);Bord champ (centres d'achat LBC);Grade I/II (contrôle QCC);41392;GHS;tonne;1000;2026-04:2026-09;11,3817;BRI / Banque du Ghana (moyenne de période);566,224;3,63672;2059,2;1;FCFA/kg de produit tel que vendu;2059,2;INT-CAC-2025/26-I;2666,35;0,772289;;;;COCOBOD / Citi Newsroom – 51 660 GH¢/t (70 % FOB 7 200 USD à 10,25) → 58 000 GH¢/t (11,5 GH¢/USD) → 41 392 GH¢/t au 12/02/2026 (90 % FOB 4 200 USD);https://citinewsroom.com/2026/02/cocoa-producer-price-cut-to-gh%C2%A241392-per-tonne-from-gh%C2%A251660/;2026-10-01;B;"51 660 (août 2025) → 58 000 GH¢/t ; abaissé à 41 392 GH¢/t le 12/02/2026"
CAC-CI-2026/27-P;Cacao;Fèves de cacao marchandes;Côte d'Ivoire;2026/27;Ouverture campagne principale (annonce 01/09/2026);Prix minimum garanti (administré);Bord champ;Bien fermenté, séché, trié;1200;XOF;kg;1;2026-09:2026-09;565,227;BCE (parité fixe 655,957 FCFA/EUR);565,227;2,12304;1200;1;FCFA/kg de produit tel que vendu;1200;INT-CAC-2026-08;3387,54;0,354239;;;;Gouvernement de Côte d'Ivoire (portail officiel) – Campagne principale 2026-2027 : cacao 1 200 FCFA/kg, café 1 300 FCFA/kg;https://gouv.ci/actualite/campagne-principale-2026-2027-le-prix-bord-champ-du-cacao-est-fixe-a-1200-fcfa-le-kg-le-prix-du-cafe-setablit-a-1300-fcfa-le-kg-8771;2026-10-01;A;Fondé sur >1,1 Mt de ventes anticipées conclues mars-juin 2026, au creux du marché
CAC-GH-2026/27-P;Cacao;Fèves de cacao marchandes;Ghana;2026/27;Ouverture campagne (effet 25/09/2026);Prix producteur fixé (COCOBOD);Bord champ (centres d'achat LBC);Grade I/II;42400;GHS;tonne;1000;2026-09:2026-09;11,49;BRI / Banque du Ghana (moyenne de période);565,227;3,69017;2085,78;1;FCFA/kg de produit tel que vendu;2085,78;INT-CAC-2026-08;3387,54;0,61572;FOB-GH-CAC-2026/27;2930,29;0,7118;"COCOBOD (via MyJoyOnline) – Producer price GH¢42 400/t for 2026/27 (71,18 % du FOB brut réalisé ; Act 1182 : minimum 70 %)";https://www.myjoyonline.com/cocobod-increases-cocoa-producer-price-to-gh%C2%A242400-for-2026-27-season/;2026-10-01;B;"71,18 % du FOB brut réalisé (Act 1182 : minimum 70 %) ; GH¢2 650/sac de 64 kg"
FOB-GH-CAC-2026/27;Cacao;Fèves de cacao (valeur FOB brute réalisée);Ghana;2026/27;Ventes de la campagne 2026/27;Valeur FOB brute réalisée (dérivée);FOB Tema/Takoradi;Grade I/II;59567,3;GHS;tonne;1000;2026-09:2026-09;11,49;BRI / Banque du Ghana (moyenne de période);565,227;5,18427;2930,29;1;FCFA/kg de produit tel que vendu;2930,29;;;;;;;"COCOBOD (via MyJoyOnline) – Producer price GH¢42 400/t for 2026/27 (71,18 % du FOB brut réalisé ; Act 1182 : minimum 70 %)";https://www.myjoyonline.com/cocobod-increases-cocoa-producer-price-to-gh%C2%A242400-for-2026-27-season/;2026-10-01;B;Dérivé : prix producteur ÷ 71,18 % (part déclarée par le COCOBOD)
CAC-CM-2026-04;Cacao;Fèves de cacao marchandes;Cameroun;2025/26;Mars-avril 2026;Prix de marché (libéralisé, relevé ONCC-SIF);Bord champ (bassins de production);Fèves marchandes (qualité variable);1325;XAF;kg;1;2026-03:2026-04;563,93;BCE (parité fixe 655,957 FCFA/EUR);563,93;2,34958;1325;1;FCFA/kg de produit tel que vendu;1325;INT-CAC-2026-04;1870,45;0,708385;;;;ONCC-SIF (via Invest-Time) – Cacao au Cameroun : 1 200-1 450 FCFA/kg dans les bassins (mars-avril 2026);https://invest-time.com/2026/05/07/cacao-cameroun-prix-campagne/;2026-10-01;B;"Milieu de la fourchette 1200-1450 FCFA/kg ; XAF = XOF (même parité avec l'euro)"
CAC-CM-2026-05;Cacao;Fèves de cacao marchandes;Cameroun;2025/26;Début mai 2026;Prix de marché (libéralisé, relevé ONCC-SIF);Bord champ (bassins de production);Fèves marchandes (qualité variable);1600;XAF;kg;1;2026-05:2026-05;561,934;BCE (parité fixe 655,957 FCFA/EUR);561,934;2,84731;1600;1;FCFA/kg de produit tel que vendu;1600;INT-CAC-2026-05;2328,08;0,687263;;;;ONCC-SIF (via Investir au Cameroun) – Le prix du kilogramme repasse au-dessus de 1 500 FCFA (1 550-1 650);https://www.investiraucameroun.com/agriculture/0705-23372-cacao-le-prix-du-kilogramme-repasse-au-dessus-de-1-500-fcfa-a-deux-mois-de-la-fin-de-campagne;2026-10-01;B;"Milieu de la fourchette 1550-1650 FCFA/kg ; XAF = XOF (même parité avec l'euro)"
CAC-CM-2026-06;Cacao;Fèves de cacao marchandes;Cameroun;2025/26;30 juin 2026;Prix de marché (libéralisé, relevé ONCC-SIF);Bord champ (bassins de production);Fèves marchandes (qualité variable);2175;XAF;kg;1;2026-06:2026-06;569,506;BCE (parité fixe 655,957 FCFA/EUR);569,506;3,8191;2175;1;FCFA/kg de produit tel que vendu;2175;INT-CAC-2026-06;2503,24;0,868874;;;;ONCC-SIF (via Investir au Cameroun) – Le prix aux producteurs atteint 2 250 FCFA (2 100-2 250 au 30/06/2026);https://www.investiraucameroun.com/agriculture/3006-23552-cacao-le-prix-aux-producteurs-atteint-2250-fcfa-son-plus-haut-niveau-depuis-le-debut-de-la-campagne-2025-2026;2026-10-01;B;"Milieu de la fourchette 2100-2250 FCFA/kg ; XAF = XOF (même parité avec l'euro)"
CAC-NG-2026-09;Cacao;Fèves de cacao;Nigeria;2026/27;25/09/2026;Prix de marché (libéralisé);Bord champ (indicatif);Non précisée;5728,5;NGN;kg;1;2026-09:2026-09;1328,81;Implicite source (C);565,227;4,311;2436,69;1;FCFA/kg de produit tel que vendu;2436,69;INT-CAC-2026-08;3387,54;0,719309;;;;Mansa Markets – Nigeria farmgate 5 728,5 NGN/kg (≈4 311 USD/t), 25/09/2026;https://www.mansamarkets.com/blog/cocoa-farmgate-price-vs-world-price;2026-10-01;C;"Source secondaire ; taux de change implicite de la source ; à titre indicatif uniquement"
CAC-EC-2026-01;Cacao;Fèves de cacao sèches (CCN-51 / Nacional);Équateur;2025/26;Janvier 2026;Prix de marché (libéralisé);Bord champ;Après décotes usuelles (qualité variable);185;USD;quintal (100 lb);45,3592;2026-01:2026-01;1;—;558,821;4,07856;2279,18;1;FCFA/kg de produit tel que vendu;2279,18;INT-CAC-2026-01;2778,74;0,820222;;;;El Universo – Les producteurs reçoivent 180-190 USD/quintal (janv. 2026);https://www.eluniverso.com/noticias/economia/precio-cacao-ecuador-exportador-productor-nota/;2026-10-01;B;Milieu de fourchette 180-190 USD/qq
CAC-EC-2026-02;Cacao;Fèves de cacao sèches;Équateur;2025/26;Février 2026;Prix de marché (libéralisé);Centres de collecte principaux;Qualité variable;100;USD;quintal (100 lb);45,3592;2026-02:2026-02;1;—;554,77;2,20462;1223,06;1;FCFA/kg de produit tel que vendu;1223,06;INT-CAC-2026-02;1990,06;0,614583;;;;Al Día (Équateur) – Le cacao revient à 100 USD le quintal (80-85 USD dans les petits cantons), fév. 2026;https://www.aldia.com.ec/el-cacao-regresa-a-niveles-de-2023-100-el-quintal-y-en-cantones-pequenos-llega-a-80/;2026-10-01;B;80-85 USD/qq dans les petits cantons
CAF-CI-2016/17;Café;Café vert robusta (décortiqué);Côte d'Ivoire;2016/17;Campagne (oct.-sept.);Prix minimum garanti (administré);Bord champ;Bien séché, décortiqué, trié;750;XOF;kg;1;2016-10:2017-09;594,822;BCE (parité fixe 655,957 FCFA/EUR);594,822;1,26088;750;1;FCFA/kg de produit tel que vendu;750;INT-ROB-2016/17;1358,66;0,552013;;;;CCC (via Connectionivoirienne) – Le prix du kg de café reste inchangé à 750 FCFA pour la campagne 2017-2018;https://connectionivoirienne.net/2017/12/21/cote-divoire-le-prix-du-kg-de-cafe-reste-inchange-a-750-fcfa-pour-la-campagne-2017-2018/;2026-10-01;B;"Prix 2016/17 déduit du maintien à 750 FCFA en 2017/18 (« inchangé ») ; Avant 2021/22 la campagne café s'ouvrait en décembre : moyenne oct.-sept. utilisée par homogénéité"
CAF-CI-2017/18;Café;Café vert robusta (décortiqué);Côte d'Ivoire;2017/18;Campagne (oct.-sept.);Prix minimum garanti (administré);Bord champ;Bien séché, décortiqué, trié;750;XOF;kg;1;2017-10:2018-09;551,246;BCE (parité fixe 655,957 FCFA/EUR);551,246;1,36055;750;1;FCFA/kg de produit tel que vendu;750;INT-ROB-2017/18;1061,72;0,706404;;;;CCC (via Connectionivoirienne) – Le prix du kg de café reste inchangé à 750 FCFA pour la campagne 2017-2018;https://connectionivoirienne.net/2017/12/21/cote-divoire-le-prix-du-kg-de-cafe-reste-inchange-a-750-fcfa-pour-la-campagne-2017-2018/;2026-10-01;B;Avant 2021/22 la campagne café s'ouvrait en décembre : moyenne oct.-sept. utilisée par homogénéité
CAF-CI-2018/19;Café;Café vert robusta (décortiqué);Côte d'Ivoire;2018/19;Campagne (oct.-sept.);Prix minimum garanti (administré);Bord champ;Bien séché, décortiqué, trié;700;XOF;kg;1;2018-10:2019-09;581,556;BCE (parité fixe 655,957 FCFA/EUR);581,556;1,20367;700;1;FCFA/kg de produit tel que vendu;700;INT-ROB-2018/19;976,562;0,716801;;;;CCC (via Abidjan.net) – Prix du café 2018-2019 : 700 FCFA/kg (baisse de 50 FCFA);https://news.abidjan.net/h/649843.html;2026-10-01;B;Avant 2021/22 la campagne café s'ouvrait en décembre : moyenne oct.-sept. utilisée par homogénéité
CAF-CI-2019/20;Café;Café vert robusta (décortiqué);Côte d'Ivoire;2019/20;Campagne (oct.-sept.);Prix minimum garanti (administré);Bord champ;Bien séché, décortiqué, trié;700;XOF;kg;1;2019-10:2020-09;586,179;BCE (parité fixe 655,957 FCFA/EUR);586,179;1,19418;700;1;FCFA/kg de produit tel que vendu;700;INT-ROB-2019/20;891,117;0,785531;;;;"CCC (via Connectionivoirienne) – Café 2019-2020 fixé à 700 FCFA ; maintien permis par une subvention de 32 Mds FCFA (prix de marché : 473 FCFA)";https://connectionivoirienne.net/2019/12/26/le-prix-du-kg-de-cafe-fixe-a-700-fcfa-pour-la-campagne-2019-2020-en-cote-divoire/;2026-10-01;B;"Maintien financé par une subvention de 32 Mds FCFA (prix de marché estimé : 473 FCFA) ; Avant 2021/22 la campagne café s'ouvrait en décembre : moyenne oct.-sept. utilisée par homogénéité"
CAF-CI-2020/21;Café;Café vert robusta (décortiqué);Côte d'Ivoire;2020/21;Campagne (oct.-sept.);Prix minimum garanti (administré);Bord champ;Bien séché, décortiqué, trié;550;XOF;kg;1;2020-10:2021-09;548,68;BCE (parité fixe 655,957 FCFA/EUR);548,68;1,00241;550;1;FCFA/kg de produit tel que vendu;550;INT-ROB-2020/21;971,596;0,566079;;;;CCC (via KOACI) – Café : prix bord champ fixé à 550 FCFA/kg (campagne 2020-2021, 28/12/2020);https://www.koaci.com/article/2020/12/23/cote-divoire/economie/cote-divoire-cafe-debut-de-la-campagne-commerciale-le-28-decembre-le-prix-bord-champ-du-kilo-fixe-a-550-fcfa-soit-une-baisse-de-155-fcfa_147642.html;2026-10-01;B;"Campagne ouverte le 28/12/2020 ; Avant 2021/22 la campagne café s'ouvrait en décembre : moyenne oct.-sept. utilisée par homogénéité"
CAF-CI-2021/22;Café;Café vert robusta (décortiqué);Côte d'Ivoire;2021/22;Campagne (oct.-sept.);Prix minimum garanti (administré);Bord champ;Bien séché, décortiqué, trié;700;XOF;kg;1;2021-10:2022-09;606,285;BCE (parité fixe 655,957 FCFA/EUR);606,285;1,15457;700;1;FCFA/kg de produit tel que vendu;700;INT-ROB-2021/22;1428,78;0,489929;;;;CCC (via Connectionivoirienne) – Le prix bord-champ du café fixé à 700 FCFA/kg, le cacao à 825 FCFA;https://connectionivoirienne.net/2021/10/01/le-prix-bord-champ-du-cafe-fixe-a-700-fcfa-kg/;2026-10-01;B;Avant 2021/22 la campagne café s'ouvrait en décembre : moyenne oct.-sept. utilisée par homogénéité
CAF-CI-2022/23;Café;Café vert robusta (décortiqué);Côte d'Ivoire;2022/23;Campagne (oct.-sept.);Prix minimum garanti (administré);Bord champ;Bien séché, décortiqué, trié;750;XOF;kg;1;2022-10:2023-09;614,948;BCE (parité fixe 655,957 FCFA/EUR);614,948;1,21962;750;1;FCFA/kg de produit tel que vendu;750;INT-ROB-2022/23;1515,31;0,494949;;;;CCC (via Abidjan.net) – Campagne 2022-2023 : cacao 900 FCFA, café 750 FCFA;https://news.abidjan.net/articles/712879/campagne-2022-2023-le-prix-bord-champ-du-kilogramme-de-cacao-fixe-a-900-fcfa-et-celui-du-cafe-a-750-fcfa;2026-10-01;B;Avant 2021/22 la campagne café s'ouvrait en décembre : moyenne oct.-sept. utilisée par homogénéité
CAF-CI-2023/24;Café;Café vert robusta (décortiqué);Côte d'Ivoire;2023/24;Campagne (oct.-sept.);Prix minimum garanti (administré);Bord champ;Bien séché, décortiqué, trié;900;XOF;kg;1;2023-10:2024-09;605,09;BCE (parité fixe 655,957 FCFA/EUR);605,09;1,48738;900;1;FCFA/kg de produit tel que vendu;900;INT-ROB-2023/24;2328,86;0,386455;;;;CCC (via Abidjan.net) – Campagne 2023-2024 : cacao 1 000 FCFA, café 900 FCFA;https://news.abidjan.net/articles/724364/campagne-principale-de-commercialisation-2023-2024-cafe-cacao-le-prix-du-kg-de-cacao-fixe-a-1000-fcfa-et-celui-du-cafe-a-900-fcfa;2026-10-01;B;Avant 2021/22 la campagne café s'ouvrait en décembre : moyenne oct.-sept. utilisée par homogénéité
CAF-CI-2024/25;Café;Café vert robusta (décortiqué);Côte d'Ivoire;2024/25;Campagne (oct.-sept.);Prix minimum garanti (administré);Bord champ;Bien séché, décortiqué, trié;1500;XOF;kg;1;2024-10:2025-09;594,675;BCE (parité fixe 655,957 FCFA/EUR);594,675;2,52239;1500;1;FCFA/kg de produit tel que vendu;1500;INT-ROB-2024/25;2960,09;0,506741;;;;CCC (via Agence Ecofin) – Hausse de plus de 66 % du prix bord champ du café en 2024/2025 (1 500 FCFA);https://www.agenceecofin.com/breves-agro/0110-122027-cote-d-ivoire-hausse-de-plus-de-66-du-prix-bord-champ-du-cafe-en-2024/2025;2026-10-01;B;Avant 2021/22 la campagne café s'ouvrait en décembre : moyenne oct.-sept. utilisée par homogénéité
CAF-CI-2025/26;Café;Café vert robusta (décortiqué);Côte d'Ivoire;2025/26;Campagne (oct.-sept.);Prix minimum garanti (administré);Bord champ;Bien séché, décortiqué, trié;1700;XOF;kg;1;2025-10:2026-09;564,176;BCE (parité fixe 655,957 FCFA/EUR);564,176;3,01324;1700;1;FCFA/kg de produit tel que vendu;1700;INT-ROB-2025/26;2301,71;0,73858;;;;Présidence / CCC (via AIP) – Campagne 2025-2026 : prix bord champ du cacao 2 800 FCFA/kg et café 1 700 FCFA/kg;https://www.aip.ci/257389/cote-divoire-aip-campagne-2025-2026-le-prix-bord-champ-du-cacao-fixe-a-2-800-fcfa-kg-et-celui-du-cafe-a-1-700-fcfa-kg-alassane-ouattara/;2026-10-01;B;Avant 2021/22 la campagne café s'ouvrait en décembre : moyenne oct.-sept. utilisée par homogénéité
CAF-CI-2026/27;Café;Café vert robusta (décortiqué);Côte d'Ivoire;2026/27;Ouverture (annonce 01/09/2026);Prix minimum garanti (administré);Bord champ;Bien séché, décortiqué, trié;1300;XOF;kg;1;2026-09:2026-09;565,227;BCE (parité fixe 655,957 FCFA/EUR);565,227;2,29996;1300;1;FCFA/kg de produit tel que vendu;1300;INT-ROB-2026-08;2253,2;0,576958;;;;Gouvernement de Côte d'Ivoire (portail officiel) – Campagne principale 2026-2027 : cacao 1 200 FCFA/kg, café 1 300 FCFA/kg;https://gouv.ci/actualite/campagne-principale-2026-2027-le-prix-bord-champ-du-cacao-est-fixe-a-1200-fcfa-le-kg-le-prix-du-cafe-setablit-a-1300-fcfa-le-kg-8771;2026-10-01;A;
CAF-UG-2026-07;Café;Café robusta FAQ (vert, non classé);Ouganda;2025/26;Juillet 2026;Prix de marché (libéralisé, relevé UCDA);Bord champ;FAQ (Fair Average Quality);11500;UGX;kg;1;2026-07:2026-07;3678,49;"BRI ; juil. 2026 : source secondaire (C)";574,52;3,12628;1796,11;1;FCFA/kg de produit tel que vendu;1796,11;INT-ROB-2026-07;2346,12;0,765566;;;;Uganda Coffee Development Authority (UCDA) – Monthly report July 2026 : prix bord champ Robusta FAQ moyen 11 500 UGX/kg;https://ugandacoffee.go.ug/sites/default/files/2026-09/10%20July%202026%20Report%20draft(2)(1)(1).pdf;2026-10-01;A;"Moyenne UCDA (fourchette 11 000-12 000) ; taux de change de source secondaire (C)"
CAF-VN-2026-09;Café;Café vert robusta (nhân xô);Vietnam;2025/26;28/09/2026;Prix de marché intérieur;Départ exploitation / collecteur (Dak Lak);Robusta courant (FAQ);93600;VND;kg;1;2026-09:2026-09;25970;"BRI ; sept. 2026 : Vietcombank";565,227;3,60416;2037,17;1;FCFA/kg de produit tel que vendu;2037,17;INT-ROB-2026-08;2253,2;0,904122;;;;Vietnam.vn (prix Dak Lak) – Prix intérieur du café robusta, Dak Lak : 93 600 VND/kg (28/09/2026);https://www.vietnam.vn/en/gia-nong-san-hom-nay-28-9-2026-gia-ca-phe-trong-nuoc-di-nguoc-the-gioi-hang-vu-moi-sap-bat-dau-my-trung-giam-thue-doi-voi-60-ty-usd-hang-hoa;2026-10-01;B;"Prix Dak Lak ; marché très concurrentiel, rendements très élevés"
ANA-CI-2016;Anacarde;Noix de cajou brute (RCN);Côte d'Ivoire;2016;Campagne (févr.-juil.);Prix plancher obligatoire (administré);Bord champ;Bien séchée, bien triée;350;XOF;kg;1;2016-02:2016-07;586,252;BCE (parité fixe 655,957 FCFA/EUR);586,252;0,597013;350;1;FCFA/kg de produit tel que vendu;350;;;;;;;Gouvernement (via Abidjan.net) – Anacarde : le prix du kilogramme fixé à 350 FCFA (2016);https://news.abidjan.net/articles/582020/anacarde-le-prix-du-kilogramme-fixe-a-350-fcfa-par-le-gouvernement-ivoirien;2026-10-01;B;"Prix plancher ; le prix réellement payé peut s'en écarter (ex. 2015 : 410 FCFA obtenus pour un plancher de 275)"
ANA-CI-2017;Anacarde;Noix de cajou brute (RCN);Côte d'Ivoire;2017;Campagne (févr.-juil.);Prix plancher obligatoire (administré);Bord champ;Bien séchée, bien triée;440;XOF;kg;1;2017-02:2017-07;598,204;BCE (parité fixe 655,957 FCFA/EUR);598,204;0,735535;440;1;FCFA/kg de produit tel que vendu;440;;;;;;;CCA (via allAfrica) – Campagne cajou 2017 : mesures arrêtées par le Conseil du coton et de l'anacarde (440 FCFA);https://fr.allafrica.com/stories/201702210313.html;2026-10-01;B;"Prix plancher ; le prix réellement payé peut s'en écarter (ex. 2015 : 410 FCFA obtenus pour un plancher de 275)"
ANA-CI-2018;Anacarde;Noix de cajou brute (RCN);Côte d'Ivoire;2018;Campagne (févr.-juil.);Prix plancher obligatoire (administré);Bord champ;Bien séchée, bien triée;500;XOF;kg;1;2018-02:2018-07;545,939;BCE (parité fixe 655,957 FCFA/EUR);545,939;0,915852;500;1;FCFA/kg de produit tel que vendu;500;;;;;;;CCA (via Financial Afrik) – La campagne de commercialisation des noix de cajou s'annonce sous de bons auspices en 2018 (500 FCFA);https://www.financialafrik.com/2018/02/17/cote-divoire-la-campagne-de-commercialisation-des-noix-de-cajou-sannonce-sous-de-bons-auspices-en-2018;2026-10-01;B;"Prix plancher ; le prix réellement payé peut s'en écarter (ex. 2015 : 410 FCFA obtenus pour un plancher de 275)"
ANA-CI-2019;Anacarde;Noix de cajou brute (RCN);Côte d'Ivoire;2019;Campagne (févr.-juil.);Prix plancher obligatoire (administré);Bord champ;Bien séchée, bien triée;375;XOF;kg;1;2019-02:2019-07;582,326;BCE (parité fixe 655,957 FCFA/EUR);582,326;0,643969;375;1;FCFA/kg de produit tel que vendu;375;;;;;;;Gouvernement (via Fraternité Matin) – Noix de cajou : le prix fixé à 375 FCFA/kg pour la campagne 2019;https://www.fratmat.info/article/87617/62/noix-de-cajou-le-prix-fixe-a-375-f-cfa-kg-pour-la-campagne-2019;2026-10-01;B;"Prix plancher ; le prix réellement payé peut s'en écarter (ex. 2015 : 410 FCFA obtenus pour un plancher de 275)"
ANA-CI-2020;Anacarde;Noix de cajou brute (RCN);Côte d'Ivoire;2020;Campagne (févr.-juil.);Prix plancher obligatoire (administré);Bord champ;Bien séchée, bien triée;400;XOF;kg;1;2020-02:2020-07;592,513;BCE (parité fixe 655,957 FCFA/EUR);592,513;0,67509;400;1;FCFA/kg de produit tel que vendu;400;;;;;;;Gouvernement (via Fraternité Matin) – Anacarde : le prix bord champ fixé à 400 FCFA le kg (2020);https://www.fratmat.info/article/201657/economie/anacarde-le-prix-bord-champ-fixe-a-400-fcfa-le-kg;2026-10-01;B;"Prix plancher ; le prix réellement payé peut s'en écarter (ex. 2015 : 410 FCFA obtenus pour un plancher de 275)"
ANA-CI-2021;Anacarde;Noix de cajou brute (RCN);Côte d'Ivoire;2021;Campagne (févr.-juil.);Prix plancher obligatoire (administré);Bord champ;Bien séchée, bien triée;305;XOF;kg;1;2021-02:2021-07;546,748;BCE (parité fixe 655,957 FCFA/EUR);546,748;0,557844;305;1;FCFA/kg de produit tel que vendu;305;;;;;;;CCA (via Abidjan.net) – Démarrage de la campagne 2022 de commercialisation de la noix de cajou (prix plancher 305 FCFA, inchangé depuis 2021);https://news.abidjan.net/articles/703951/demarrage-ce-vendredi-de-la-campagne-2022-de-la-commercialisation-de-la-noix-de-cajou-communique;2026-10-01;B;"Prix plancher ; le prix réellement payé peut s'en écarter (ex. 2015 : 410 FCFA obtenus pour un plancher de 275)"
ANA-CI-2022;Anacarde;Noix de cajou brute (RCN);Côte d'Ivoire;2022;Campagne (févr.-juil.);Prix plancher obligatoire (administré);Bord champ;Bien séchée, bien triée;305;XOF;kg;1;2022-02:2022-07;610,884;BCE (parité fixe 655,957 FCFA/EUR);610,884;0,499276;305;1;FCFA/kg de produit tel que vendu;305;;;;;;;CCA (via Abidjan.net) – Démarrage de la campagne 2022 de commercialisation de la noix de cajou (prix plancher 305 FCFA, inchangé depuis 2021);https://news.abidjan.net/articles/703951/demarrage-ce-vendredi-de-la-campagne-2022-de-la-commercialisation-de-la-noix-de-cajou-communique;2026-10-01;B;"Prix plancher ; le prix réellement payé peut s'en écarter (ex. 2015 : 410 FCFA obtenus pour un plancher de 275)"
ANA-CI-2023;Anacarde;Noix de cajou brute (RCN);Côte d'Ivoire;2023;Campagne (févr.-juil.);Prix plancher obligatoire (administré);Bord champ;Bien séchée, bien triée;315;XOF;kg;1;2023-02:2023-07;604,148;BCE (parité fixe 655,957 FCFA/EUR);604,148;0,521395;315;1;FCFA/kg de produit tel que vendu;315;;;;;;;Gouvernement (via Abidjan.net) – Le prix de la noix de cajou fixé à 315 FCFA/kg (2023);https://news.abidjan.net/articles/717534/cote-divoire-le-prix-de-la-noix-de-cajou-fixe-a-315-f-cfa-kg-officiel;2026-10-01;B;"Prix plancher ; le prix réellement payé peut s'en écarter (ex. 2015 : 410 FCFA obtenus pour un plancher de 275)"
ANA-CI-2024;Anacarde;Noix de cajou brute (RCN);Côte d'Ivoire;2024;Campagne (févr.-juil.);Prix plancher obligatoire (administré);Bord champ;Bien séchée, bien triée;275;XOF;kg;1;2024-02:2024-07;607,286;BCE (parité fixe 655,957 FCFA/EUR);607,286;0,452834;275;1;FCFA/kg de produit tel que vendu;275;;;;;;;MINADERPV (via AIP) – Le prix bord champ du kg de l'anacarde fixé à 275 FCFA (campagne 2024);https://www.aip.ci/33996/cote-divoire-aip-le-prix-bord-champ-du-kg-de-lanacarde-fixe-a-275-fcfa-pour-la-campagne-2023-2024/;2026-10-01;B;"Prix plancher ; le prix réellement payé peut s'en écarter (ex. 2015 : 410 FCFA obtenus pour un plancher de 275)"
ANA-CI-2025;Anacarde;Noix de cajou brute (RCN);Côte d'Ivoire;2025;Campagne (févr.-juil.);Prix plancher obligatoire (administré);Bord champ;Bien séchée, bien triée;425;XOF;kg;1;2025-02:2025-07;589,146;BCE (parité fixe 655,957 FCFA/EUR);589,146;0,721383;425;1;FCFA/kg de produit tel que vendu;425;;;;;;;MINADERPV (via KOACI) – Anacarde : prix bord-champ fixé à 425 FCFA (+54 %), campagne 2025;https://www.koaci.com/article/2025/01/17/cote-divoire/societe/cote-divoire-anacarde-le-prix-bord-champ-du-kg-fixe-a-425-fcfa-soit-une-hausse-de-54-par-rapport-a-la-campagne-precedente_183836.html;2026-10-01;B;"Prix plancher ; le prix réellement payé peut s'en écarter (ex. 2015 : 410 FCFA obtenus pour un plancher de 275)"
ANA-CI-2026;Anacarde;Noix de cajou brute (RCN);Côte d'Ivoire;2026;Campagne (févr.-juil.);Prix plancher obligatoire (administré);Bord champ;Bien séchée, bien triée;400;XOF;kg;1;2026-02:2026-07;564,765;BCE (parité fixe 655,957 FCFA/EUR);564,765;0,708259;400;1;FCFA/kg de produit tel que vendu;400;INT-ANA-CI-2026;875,374;0,456947;;;;MINADERPV (via Agence Ecofin) – Baisse de 6 % du prix minimum bord champ de la noix de cajou en 2026 (400 FCFA);https://www.agenceecofin.com/actualites-agro/0902-135589-cote-d-ivoire-baisse-de-6-du-prix-minimum-bord-champ-de-la-noix-de-cajou-en-2026;2026-10-01;B;"Prix plancher ; le prix réellement payé peut s'en écarter (ex. 2015 : 410 FCFA obtenus pour un plancher de 275)"
ANA-CI-2026-REAL;Anacarde;Noix de cajou brute (RCN);Côte d'Ivoire;2026;Campagne 2026 (bilan août 2026);Prix moyen réellement payé;Bord champ (département de Niakara);Bien séchée, bien triée;416;XOF;kg;1;2026-02:2026-07;564,765;BCE (parité fixe 655,957 FCFA/EUR);564,765;0,73659;416;1;FCFA/kg de produit tel que vendu;416;INT-ANA-CI-2026;875,374;0,475225;;;;AIP – Campagne anacarde 2026 : près de 15 Mds FCFA de revenus à Niakara (prix moyen 416 FCFA/kg);https://www.aip.ci/cote-divoire-aip-campagne-anacarde-2026-pres-de-15-milliards-fcfa-de-revenus-engranges-par-les-producteurs-du-departement-de-niakara/;2026-10-01;B;Moyenne locale (450 en mars, 375 en mai, ventes groupées à 400)
ANA-CI-2026-PORT;Anacarde;Noix de cajou brute (RCN);Côte d'Ivoire;2026;Campagne 2026;Prix plancher obligatoire;Magasin portuaire (Abidjan/San-Pedro);Bien séchée, bien triée;484;XOF;kg;1;2026-02:2026-07;564,765;BCE (parité fixe 655,957 FCFA/EUR);564,765;0,856994;484;1;FCFA/kg de produit tel que vendu;484;INT-ANA-CI-2026;875,374;0,552906;;;;Gouvernement / CCAK (via Abidjan.net) – Prix planchers 2026 : bord champ 400, magasin intérieur 425, magasin usine 454, magasin portuaire 484 FCFA/kg;https://news.abidjan.net/articles/747086/commercialisation-de-lanacarde-le-gouvernement-fixe-les-prix-planchers-pour-la-campagne-2026;2026-10-01;B;Barème 2026 : 400 bord champ → 425 magasin intérieur → 454 usine → 484 port
ANA-BF-2026;Anacarde;Noix de cajou brute (RCN);Burkina Faso;2026;Campagne 2026;Prix plancher (administré);Bord champ;Noix brute;385;XOF;kg;1;2026-02:2026-07;564,765;BCE (parité fixe 655,957 FCFA/EUR);564,765;0,6817;385;1;FCFA/kg de produit tel que vendu;385;INT-ANA-CI-2026;875,374;0,439812;;;;Gouvernement du Burkina Faso (via Sika Finance) – Prix bord champ de la noix de cajou maintenu à 385 FCFA/kg (2026);https://www.sikafinance.com/marches/burkina-le-prix-bord-champ-de-la-noix-de-cajou-maintenu-a-385-fcfakg-pour-soutenir-la-transformation-locale_60008;2026-10-01;B;
ANA-GW-2026;Anacarde;Noix de cajou brute (RCN);Guinée-Bissau;2026;Campagne 2026 (ouverte le 11/03/2026);Prix de référence producteur (administré);Bord champ;Noix brute;410;XOF;kg;1;2026-03:2026-07;566,764;BCE (parité fixe 655,957 FCFA/EUR);566,764;0,723405;410;1;FCFA/kg de produit tel que vendu;410;INT-ANA-CI-2026;875,374;0,468371;;;;Gouvernement de transition de Guinée-Bissau (via Xinhua) – Campagne 2026 : 410 FCFA/kg au producteur, 478 FCFA/kg à Bissau;https://english.news.cn/20260311/508ae13acd8c44109ea651276bd01b86/c.html;2026-10-01;B;Prix d'achat à Bissau par les intermédiaires : 478 FCFA/kg
ANA-ML-2025;Anacarde;Noix de cajou brute (RCN);Mali;2025;Campagne 2025;Prix plancher (administré);Bord champ;Noix brute;390;XOF;kg;1;2025-03:2025-07;580,982;BCE (parité fixe 655,957 FCFA/EUR);580,982;0,671278;390;1;FCFA/kg de produit tel que vendu;390;;;;;;;"Gouvernement du Mali (via Agence Ecofin) – Mali : la filière anacarde face au défi du respect du prix plancher (390 FCFA ; achats à 350-375)";https://www.agenceecofin.com/actualites/0104-127164-mali-la-filiere-anacarde-face-au-defi-du-respect-du-prix-plancher;2026-10-01;B;"Campagne 2025 (2026 non trouvée) ; achats effectifs 350-375 FCFA/kg selon la source"
ANA-GH-2026;Anacarde;Noix de cajou brute (RCN);Ghana;2025/26 (récolte 2026);Saison 2026;Prix minimum producteur (administré, TCDA);Bord champ;KOR 46, 190 noix/kg, humidité ≤10 %;12;GHS;kg;1;2026-02:2026-05;11,0768;BRI / Banque du Ghana (moyenne de période);561,141;1,08335;607,911;1;FCFA/kg de produit tel que vendu;607,911;INT-ANA-CI-2026;875,374;0,694458;FOB-GH-ANA-2026;785,597;0,77382;Tree Crops Development Authority (TCDA, Ghana) – Government sets GHS 12.00/kg as minimum producer price for RCN (2025/2026) – benchmark FOB 1 400 USD/t, 11,0241 GH¢/USD;https://tcda.gov.gh/government-sets-ghs-12-00-per-kilogram-as-minimum-producer-price-for-raw-cashew-nuts-2025-2026-season/;2026-10-01;A;"Prix arrondi à la hausse ; respect effectif non documenté"
FOB-GH-ANA-2026;Anacarde;Noix de cajou brute (référence FOB);Ghana;2025/26 (récolte 2026);Référence de calcul TCDA;FOB de référence (modèle de prix);FOB Tema;KOR 48, 180 noix/kg;1400;USD;tonne;1000;2026-02:2026-05;1;—;561,141;1,4;785,597;1;FCFA/kg de produit tel que vendu;785,597;;;;;;;Tree Crops Development Authority (TCDA, Ghana) – Government sets GHS 12.00/kg as minimum producer price for RCN (2025/2026) – benchmark FOB 1 400 USD/t, 11,0241 GH¢/USD;https://tcda.gov.gh/government-sets-ghs-12-00-per-kilogram-as-minimum-producer-price-for-raw-cashew-nuts-2025-2026-season/;2026-10-01;A;Référence FOB utilisée par la TCDA pour fixer le prix producteur
ANA-TZ-2025/26;Anacarde;Noix de cajou brute (RCN);Tanzanie;2025/26;Enchères oct. 2025-janv. 2026;Prix moyen d'enchères (système de récépissés d'entrepôt);Magasin primaire (coopératives);Grade standard, KOR élevé (≈50 lb);2967,78;TZS;kg;1;2025-11:2025-11;2434,17;UBA Tanzania (approximation, C);567,427;1,21922;691,818;1;FCFA/kg de produit tel que vendu;691,818;INT-ANA-CI-2026;875,374;0,790311;;;;The Citizen (données TMX/CBT) – Cashew farmers earn Sh1.3tr : 430 961 t vendues pour 1 279 Mds TZS (2025/26);https://www.thecitizen.co.tz/tanzania/business/cashew-farmers-earn-sh1-3tr-as-production-heads-toward-record-5311708;2026-10-01;B;"Prix moyen = recettes / volumes ; saison décalée (oct.-janv.) ; taux de change approché (C)"
INT-ANA-CI-2026;Anacarde;Noix de cajou brute d'origine ivoirienne;International (Asie);2026;Avril-mai 2026;Prix de marché CFR (cotation négoce);CFR Vietnam/Inde;RCN Côte d'Ivoire (KOR 46-48);1560;USD;tonne;1000;2026-04:2026-05;1;—;561,137;1,56;875,374;1;FCFA/kg de produit tel que vendu;875,374;;;;;;;Cardassilaris (négociant) – Cashew market report May 2026 : RCN Côte d'Ivoire 1 560 USD/t (avr.-mai 2026);https://www.cardassilaris.com/news/cashew-market-report-may-2026-rcn-quality-vietnam;2026-10-01;C;Pas de bourse pour la noix brute : cotation de négoce, à recouper
INT-ANA-VN-2026;Anacarde;Noix de cajou brute (toutes origines);Vietnam (importations);2026;Janvier-avril 2026;Valeur unitaire à l'importation;CIF/CFR Vietnam;Toutes origines (Cambodge, Côte d'Ivoire, Nigeria…);1692,31;USD;tonne;1000;2026-01:2026-04;1;—;560,363;1,69231;948,306;1;FCFA/kg de produit tel que vendu;948,306;;;;;;;Douanes vietnamiennes (via Viet Nam News) – Raw cashew nut imports Jan-Apr 2026 : ~1,3 Mt pour ~2,2 Mds USD (≈1 704 USD/t);https://vietnamnews.vn/economy/945883/raw-cashew-nut-imports-rocket-in-first-four-months.html;2026-10-01;B;"Valeur unitaire = valeur ÷ volume ; mélange de qualités (limite de l'indicateur)"
COT-CI-2017/18;Coton;Coton graine 1er choix;Côte d'Ivoire;2017/18;"Achats nov.-mars ; fibre commercialisée août-juillet";Prix d'achat fixé (administré);Bord champ (marchés coton);1er choix;265;XOF;kg;1;2017-08:2018-07;549,206;BCE (parité fixe 655,957 FCFA/EUR);549,206;0,482515;265;0,451834;équivalent fibre (÷ rendement égrenage);586,499;INT-COT-2017/18;1065,95;0,550213;;;;Gouvernement (via KOACI) – Coton graine : 300 FCFA/kg (+35 FCFA par rapport à 265 FCFA en 2017-2018);https://www.koaci.com/index.php/article/2019/05/22/cote-divoire/economie/cote-divoire-le-prix-du-kilogramme-de-coton-graine-pour-la-campagne-2018-2019-fixe-a-300-fcfa-soit-une-hausse-de-35-fcfa_131167.html;2026-10-01;B;Équivalent fibre = prix coton graine ÷ rendement à l'égrenage (graine de coton non valorisée)
COT-CI-2018/19;Coton;Coton graine 1er choix;Côte d'Ivoire;2018/19;"Achats nov.-mars ; fibre commercialisée août-juillet";Prix d'achat fixé (administré);Bord champ (marchés coton);1er choix;265;XOF;kg;1;2018-08:2019-07;576,967;BCE (parité fixe 655,957 FCFA/EUR);576,967;0,459298;265;0,451834;équivalent fibre (÷ rendement égrenage);586,499;INT-COT-2018/19;1073,11;0,546543;;;;Gouvernement (via Abidjan.net) – Le prix du coton graine de premier choix maintenu à 265 FCFA/kg (2018-2019);https://news.abidjan.net/h/638493.html;2026-10-01;B;Équivalent fibre = prix coton graine ÷ rendement à l'égrenage (graine de coton non valorisée)
COT-CI-2019/20;Coton;Coton graine 1er choix;Côte d'Ivoire;2019/20;"Achats nov.-mars ; fibre commercialisée août-juillet";Prix d'achat fixé (administré);Bord champ (marchés coton);1er choix;300;XOF;kg;1;2019-08:2020-07;592,415;BCE (parité fixe 655,957 FCFA/EUR);592,415;0,506401;300;0,451834;équivalent fibre (÷ rendement égrenage);663,961;INT-COT-2019/20;931,149;0,713056;;;;Gouvernement (via KOACI) – Le prix du coton graine reste inchangé pour la campagne 2019-2020 : 300 FCFA/kg;https://www.koaci.com/article/2019/10/29/cote-divoire/economie/cote-divoire-le-prix-du-coton-de-graine-reste-inchange-pour-la-campagne-2019-2020-300-fcfakg_136257.html;2026-10-01;B;Équivalent fibre = prix coton graine ÷ rendement à l'égrenage (graine de coton non valorisée)
COT-CI-2020/21;Coton;Coton graine 1er choix;Côte d'Ivoire;2020/21;"Achats nov.-mars ; fibre commercialisée août-juillet";Prix d'achat fixé (administré);Bord champ (marchés coton);1er choix;300;XOF;kg;1;2020-08:2021-07;548,372;BCE (parité fixe 655,957 FCFA/EUR);548,372;0,547074;300;0,451834;équivalent fibre (÷ rendement égrenage);663,961;INT-COT-2020/21;1027,18;0,646395;;;;Gouvernement (via allAfrica) – Campagne 2021-2022 du coton : le prix du kilo demeure à 300 F (inchangé depuis 2020-2021);https://fr.allafrica.com/stories/202110080394.html;2026-10-01;B;Équivalent fibre = prix coton graine ÷ rendement à l'égrenage (graine de coton non valorisée)
COT-CI-2021/22;Coton;Coton graine 1er choix;Côte d'Ivoire;2021/22;"Achats nov.-mars ; fibre commercialisée août-juillet";Prix d'achat fixé (administré);Bord champ (marchés coton);1er choix;300;XOF;kg;1;2021-08:2022-07;589,998;BCE (parité fixe 655,957 FCFA/EUR);589,998;0,508476;300;0,451834;équivalent fibre (÷ rendement égrenage);663,961;INT-COT-2021/22;1717,82;0,386514;;;;Gouvernement (via allAfrica) – Campagne 2021-2022 du coton : le prix du kilo demeure à 300 F (inchangé depuis 2020-2021);https://fr.allafrica.com/stories/202110080394.html;2026-10-01;B;Équivalent fibre = prix coton graine ÷ rendement à l'égrenage (graine de coton non valorisée)
COT-CI-2022/23;Coton;Coton graine 1er choix;Côte d'Ivoire;2022/23;"Achats nov.-mars ; fibre commercialisée août-juillet";Prix d'achat fixé (administré);Bord champ (marchés coton);1er choix;310;XOF;kg;1;2022-08:2023-07;622,839;BCE (parité fixe 655,957 FCFA/EUR);622,839;0,497721;310;0,451834;équivalent fibre (÷ rendement égrenage);686,093;INT-COT-2022/23;1388,51;0,494121;;;;Gouvernement (via Connectionivoirienne) – Coton campagne 2022/2023 : le prix du kilogramme fixé à 310 FCFA;https://connectionivoirienne.net/2022/07/14/coton-camapagne-2022-2023-le-prix-du-kilogramme-fixe-a-310-fcfa/;2026-10-01;B;Équivalent fibre = prix coton graine ÷ rendement à l'égrenage (graine de coton non valorisée)
COT-CI-2023/24;Coton;Coton graine 1er choix;Côte d'Ivoire;2023/24;"Achats nov.-mars ; fibre commercialisée août-juillet";Prix d'achat fixé (administré);Bord champ (marchés coton);1er choix;310;XOF;kg;1;2023-08:2024-07;607,505;BCE (parité fixe 655,957 FCFA/EUR);607,505;0,510284;310;0,451834;équivalent fibre (÷ rendement égrenage);686,093;INT-COT-2023/24;1231,08;0,557311;;;;Gouvernement (via Abidjan.net) – Coton graine 1er choix 310 FCFA, 2e choix 285 FCFA (2023-2024);https://news.abidjan.net/articles/720825/cote-divoire-le-prix-du-coton-graines-1er-choix-fixe-a-310-fcfa-et-a-285-f-cfa-le-kilo-du-2e-choix;2026-10-01;B;Équivalent fibre = prix coton graine ÷ rendement à l'égrenage (graine de coton non valorisée)
COT-CI-2024/25;Coton;Coton graine 1er choix;Côte d'Ivoire;2024/25;"Achats nov.-mars ; fibre commercialisée août-juillet";Prix d'achat fixé (administré);Bord champ (marchés coton);1er choix;310;XOF;kg;1;2024-08:2025-07;599,945;BCE (parité fixe 655,957 FCFA/EUR);599,945;0,516714;310;0,451834;équivalent fibre (÷ rendement égrenage);686,093;INT-COT-2024/25;1052,44;0,651905;;;;Agence Ecofin – La subvention à la filière coton a plus que doublé en 2025/2026 (25,3 Mds FCFA contre 11,9 Mds);https://www.agenceecofin.com/actualites-agro/0108-130586-cote-d-ivoire-la-subvention-a-la-filiere-coton-a-plus-que-double-en-2025/2026;2026-10-01;B;Équivalent fibre = prix coton graine ÷ rendement à l'égrenage (graine de coton non valorisée)
COT-CI-2025/26;Coton;Coton graine 1er choix;Côte d'Ivoire;2025/26;"Achats nov.-mars ; fibre commercialisée août-juillet";Prix d'achat fixé (administré);Bord champ (marchés coton);1er choix;310;XOF;kg;1;2025-08:2026-07;563,511;BCE (parité fixe 655,957 FCFA/EUR);563,511;0,550123;310;0,451834;équivalent fibre (÷ rendement égrenage);686,093;INT-COT-2025/26;942,5;0,72795;;;;MINADERPV (via KOACI) – Campagne 2025-2026 : coton 1er choix 310 FCFA/kg, 2e choix 285 FCFA/kg (31/07/2025);https://www.koaci.com/article/2025/07/31/cote-divoire/societe/cote-divoire-campagne-2025-2026-le-prix-du-coton-de-1er-choix-est-fixe-a-310-fcfakg-et-celui-de-2e-choix-a-285-fcfakg_189056.html;2026-10-01;B;Équivalent fibre = prix coton graine ÷ rendement à l'égrenage (graine de coton non valorisée)
COT-BF-2025/26;Coton;Coton graine 1er choix;Burkina Faso;2025/26;Campagne;Prix d'achat fixé (administré);Bord champ;1er choix (conventionnel);325;XOF;kg;1;2025-08:2026-07;563,511;BCE (parité fixe 655,957 FCFA/EUR);563,511;0,576742;325;1;FCFA/kg de produit tel que vendu;325;;;;;;;SOFITEX (Burkina Faso) – Campagne 2025-2026 : engrais 17 500 FCFA, kg de coton 325 FCFA;https://www.sofitex.bf/2025/04/10/campagne-cotonniere-2025-2026-les-engrais-a-17-500-f-cfa-les-insecticides-a-5-200-f-cfa-et-le-kg-de-coton-a-325-f-cfa/;2026-10-01;A;2e choix 300 FCFA
COT-ML-2025/26;Coton;Coton graine 1er choix;Mali;2025/26;Campagne;Prix d'achat fixé (administré);Bord champ;1er choix (conventionnel);300;XOF;kg;1;2025-08:2026-07;563,511;BCE (parité fixe 655,957 FCFA/EUR);563,511;0,532377;300;1;FCFA/kg de produit tel que vendu;300;;;;;;;Gouvernement du Mali (via Mali 24) – Prix du kilo du coton graine maintenu à 300 FCFA;https://mali24.info/mali-433-700-tonnes-de-coton-produites-le-prix-du-kilo-du-coton-graine-maintenu-a-300-f-cfa/;2026-10-01;B;Décision du Conseil supérieur de l'agriculture du 06/05/2025
COT-BJ-2025/26;Coton;Coton graine 1er choix;Bénin;2025/26;Campagne;Prix d'achat fixé (administré);Bord champ;1er choix (conventionnel);300;XOF;kg;1;2025-08:2026-07;563,511;BCE (parité fixe 655,957 FCFA/EUR);563,511;0,532377;300;1;FCFA/kg de produit tel que vendu;300;;;;;;;Gouvernement du Bénin (via La Nation) – Campagne cotonnière 2025-2026 : prix des insecticides et du coton graine homologués (300 FCFA);https://lanation.bj/actualites/campagne-cotonniere-2025-2026-les-prix-des-insecticides-et-du-coton-graine-homologues;2026-10-01;B;"Conventionnel ; biologique 360 FCFA"
COT-TG-2025/26;Coton;Coton graine 1er choix;Togo;2025/26;Campagne;Prix d'achat fixé (administré);Bord champ;1er choix (conventionnel);300;XOF;kg;1;2025-08:2026-07;563,511;BCE (parité fixe 655,957 FCFA/EUR);563,511;0,532377;300;1;FCFA/kg de produit tel que vendu;300;;;;;;;Africa Radio – Coton africain : ~300 FCFA au Bénin et au Mali, 310 en Côte d'Ivoire, 325 au Burkina, jusqu'à 350 au Sénégal;https://www.africaradio.com/actualite-115836-coton-africain-pourquoi-les-producteurs-ouest-africains-perdent-ils-du-terrain;2026-10-01;C;Source régionale secondaire (C)
COT-SN-2025/26;Coton;Coton graine 1er choix;Sénégal;2025/26;Campagne;Prix d'achat fixé (administré);Bord champ;1er choix (conventionnel);350;XOF;kg;1;2025-08:2026-07;563,511;BCE (parité fixe 655,957 FCFA/EUR);563,511;0,621106;350;1;FCFA/kg de produit tel que vendu;350;;;;;;;Africa Radio – Coton africain : ~300 FCFA au Bénin et au Mali, 310 en Côte d'Ivoire, 325 au Burkina, jusqu'à 350 au Sénégal;https://www.africaradio.com/actualite-115836-coton-africain-pourquoi-les-producteurs-ouest-africains-perdent-ils-du-terrain;2026-10-01;C;« jusqu'à 350 FCFA » : source secondaire (C)
COT-BF-2026/27;Coton;Coton graine 1er choix;Burkina Faso;2026/27;Campagne;Prix d'achat fixé (administré);Bord champ;1er choix (conventionnel);310;XOF;kg;1;2026-04:2026-07;566,575;BCE (parité fixe 655,957 FCFA/EUR);566,575;0,547147;310;1;FCFA/kg de produit tel que vendu;310;;;;;;;Africa Radio – Coton africain : ~300 FCFA au Bénin et au Mali, 310 en Côte d'Ivoire, 325 au Burkina, jusqu'à 350 au Sénégal;https://www.africaradio.com/actualite-115836-coton-africain-pourquoi-les-producteurs-ouest-africains-perdent-ils-du-terrain;2026-10-01;C;"Prix plancher 2026/27 (310/285) ; source de presse non primaire"
COT-BJ-2026/27;Coton;Coton graine 1er choix;Bénin;2026/27;Campagne;Prix d'achat fixé (administré);Bord champ;1er choix (conventionnel);300;XOF;kg;1;2026-04:2026-07;566,575;BCE (parité fixe 655,957 FCFA/EUR);566,575;0,529497;300;1;FCFA/kg de produit tel que vendu;300;;;;;;;Gouvernement du Bénin (via Le Matinal) – Campagne 2026-2027 : coton conventionnel 300 FCFA (1er choix), biologique 360 FCFA (CM du 13/05/2026);https://lematinal.bj/campagne-cotonniere-2026-2027-le-prix-de-cession-des-intrants-et-dachat-de-coton-graine-homologue/;2026-10-01;B;"Conventionnel 1er choix ; biologique 360"
CAO-CI-2025-01;Caoutchouc;Caoutchouc naturel (fonds de tasse);Côte d'Ivoire;2025;Mois 2025-01;Prix bord champ fixé (APROMAC, loi 2017-540);Bord champ;Coagulum humide, DRC de référence 60 %;442;XOF;kg;1;2024-12:2024-12;625,988;BCE (parité fixe 655,957 FCFA/EUR);625,988;0,706084;442;0,6;kg de caoutchouc sec (÷ DRC 60 %);736,667;INT-TSR-2024-12;1248,03;0,590263;;;;APROMAC (via Yessouan) – Prix caoutchouc Côte d'Ivoire : 442 FCFA/kg en janvier 2025;https://www.yessouan.ci/Prix-caoutchouc-Cote-d-Ivoire-442-FCFA-kg-en-janvier-2025_a1537.html;2026-10-01;B;"Prix du mois M calculé sur les cours SICOM du mois M-1 ; producteur = 63 % (66 % en 2026) du prix de référence"
CAO-CI-2025-04;Caoutchouc;Caoutchouc naturel (fonds de tasse);Côte d'Ivoire;2025;Mois 2025-04;Prix bord champ fixé (APROMAC, loi 2017-540);Bord champ;Coagulum humide, DRC de référence 60 %;438;XOF;kg;1;2025-03:2025-03;606,985;BCE (parité fixe 655,957 FCFA/EUR);606,985;0,7216;438;0,6;kg de caoutchouc sec (÷ DRC 60 %);730;INT-TSR-2025-03;1202,8;0,606917;;;;APROMAC (via 7info) – Caoutchouc naturel : prix du kg pour le mois d'avril (438 FCFA);https://www.7info.ci/caoutchouc-naturel-voici-le-prix-du-kg-pour-le-mois-davril/;2026-10-01;B;"Prix du mois M calculé sur les cours SICOM du mois M-1 ; producteur = 63 % (66 % en 2026) du prix de référence"
CAO-CI-2026-01;Caoutchouc;Caoutchouc naturel (fonds de tasse);Côte d'Ivoire;2026;Mois 2026-01;Prix bord champ fixé (APROMAC, loi 2017-540);Bord champ;Coagulum humide, DRC de référence 60 %;352;XOF;kg;1;2025-12:2025-12;560,23;BCE (parité fixe 655,957 FCFA/EUR);560,23;0,628313;352;0,6;kg de caoutchouc sec (÷ DRC 60 %);586,667;INT-TSR-2025-12;974,856;0,601798;;;;APROMAC (via 7info) – Caoutchouc : nouveaux prix du kg (janv. 352, fév. 368, avr. 401, mai 439, juil. 493 FCFA);https://www.7info.ci/caoutchouc-voici-le-nouveau-prix-du-kg/;2026-10-01;B;"Prix du mois M calculé sur les cours SICOM du mois M-1 ; producteur = 63 % (66 % en 2026) du prix de référence"
CAO-CI-2026-02;Caoutchouc;Caoutchouc naturel (fonds de tasse);Côte d'Ivoire;2026;Mois 2026-02;Prix bord champ fixé (APROMAC, loi 2017-540);Bord champ;Coagulum humide, DRC de référence 60 %;368;XOF;kg;1;2026-01:2026-01;558,821;BCE (parité fixe 655,957 FCFA/EUR);558,821;0,65853;368;0,6;kg de caoutchouc sec (÷ DRC 60 %);613,333;INT-TSR-2026-01;1029,96;0,595491;;;;APROMAC (via 7info) – Caoutchouc : nouveaux prix du kg (janv. 352, fév. 368, avr. 401, mai 439, juil. 493 FCFA);https://www.7info.ci/caoutchouc-voici-le-nouveau-prix-du-kg/;2026-10-01;B;"Prix du mois M calculé sur les cours SICOM du mois M-1 ; producteur = 63 % (66 % en 2026) du prix de référence"
CAO-CI-2026-04;Caoutchouc;Caoutchouc naturel (fonds de tasse);Côte d'Ivoire;2026;Mois 2026-04;Prix bord champ fixé (APROMAC, loi 2017-540);Bord champ;Coagulum humide, DRC de référence 60 %;401;XOF;kg;1;2026-03:2026-03;567,519;BCE (parité fixe 655,957 FCFA/EUR);567,519;0,706584;401;0,6;kg de caoutchouc sec (÷ DRC 60 %);668,333;INT-TSR-2026-03;1115,18;0,599308;;;;APROMAC (via 7info) – Caoutchouc : nouveaux prix du kg (janv. 352, fév. 368, avr. 401, mai 439, juil. 493 FCFA);https://www.7info.ci/caoutchouc-voici-le-nouveau-prix-du-kg/;2026-10-01;B;"Prix du mois M calculé sur les cours SICOM du mois M-1 ; producteur = 63 % (66 % en 2026) du prix de référence"
CAO-CI-2026-05;Caoutchouc;Caoutchouc naturel (fonds de tasse);Côte d'Ivoire;2026;Mois 2026-05;Prix bord champ fixé (APROMAC, loi 2017-540);Bord champ;Coagulum humide, DRC de référence 60 %;439;XOF;kg;1;2026-05:2026-05;561,934;BCE (parité fixe 655,957 FCFA/EUR);561,934;0,78123;439;0,6;kg de caoutchouc sec (÷ DRC 60 %);731,667;;;;;;;APROMAC (via 7info) – Caoutchouc : nouveaux prix du kg (janv. 352, fév. 368, avr. 401, mai 439, juil. 493 FCFA);https://www.7info.ci/caoutchouc-voici-le-nouveau-prix-du-kg/;2026-10-01;B;"Prix du mois M calculé sur les cours SICOM du mois M-1 ; producteur = 63 % (66 % en 2026) du prix de référence"
CAO-CI-2026-07;Caoutchouc;Caoutchouc naturel (fonds de tasse);Côte d'Ivoire;2026;Mois 2026-07;Prix bord champ fixé (APROMAC, loi 2017-540);Bord champ;Coagulum humide, DRC de référence 60 %;493;XOF;kg;1;2026-07:2026-07;574,52;BCE (parité fixe 655,957 FCFA/EUR);574,52;0,858108;493;0,6;kg de caoutchouc sec (÷ DRC 60 %);821,667;;;;;;;APROMAC (via 7info) – Caoutchouc : nouveaux prix du kg (janv. 352, fév. 368, avr. 401, mai 439, juil. 493 FCFA);https://www.7info.ci/caoutchouc-voici-le-nouveau-prix-du-kg/;2026-10-01;B;"Prix du mois M calculé sur les cours SICOM du mois M-1 ; producteur = 63 % (66 % en 2026) du prix de référence"
CAO-CI-2026-09;Caoutchouc;Caoutchouc naturel (fonds de tasse);Côte d'Ivoire;2026;Mois 2026-09;Prix bord champ fixé (APROMAC, loi 2017-540);Bord champ;Coagulum humide, DRC de référence 60 %;484;XOF;kg;1;2026-09:2026-09;565,227;BCE (parité fixe 655,957 FCFA/EUR);565,227;0,856293;484;0,6;kg de caoutchouc sec (÷ DRC 60 %);806,667;;;;;;;APROMAC (via Business & Actuality) – Prix du caoutchouc : 484 FCFA/kg en septembre 2026;https://businessactuality.com/cote-divoire-prix-du-caoutchouc-484-fcfa-kg-en-septembre-2026/;2026-10-01;B;"Prix du mois M calculé sur les cours SICOM du mois M-1 ; producteur = 63 % (66 % en 2026) du prix de référence"
CAO-TH-2025-05;Caoutchouc;Caoutchouc (cup lump) base 100 % DRC;Thaïlande;2025;02/05/2025;Prix de marché intérieur;Marché central / bord champ;Cup lump 100 % DRC (sec);58;THB;kg;1;2025-04:2025-04;33,7819;BCE (taux croisé);584,947;1,7169;1004,29;1;FCFA/kg de produit tel que vendu;1004,29;INT-TSR-2025-04;998,213;1,00609;;;;Thai Rubber Association – Prix intérieurs (cup lump 100 %) : 58 THB/kg (2 mai 2025);https://www.thainr.com/en/?detail=pr-local;2026-10-01;B;Comparé au TSR20 du mois précédent, comme pour la Côte d'Ivoire
CAO-ID-2026-08;Caoutchouc;Bokar base KKK 100 % (sec);Indonésie;2026;Août 2026 (4 relevés);Prix de référence provincial (Sumatra-Sud);Bord champ (prix de référence);KKK 100 % (sec);40398,8;IDR;kg;1;2026-08:2026-08;17804,7;BCE (taux croisé);565,817;2,269;1283,84;1;FCFA/kg de produit tel que vendu;1283,84;;;;;;;Disperindag/Gapkindo Sumatra-Sud (via IDN Times) – Prix de référence KKK 100 % : 38 835 à 42 238 Rp/kg (août 2026);https://sumsel.idntimes.com/news/sumatra-selatan/harga-karet-sumsel-kembali-menguat-akhir-agustus-tembus-rp41-ribu-00-pbgds-3n14cx;2026-10-01;B;"Prix de référence non reçu uniformément (dépend du KKK) ; TSR20 juil.-août 2026 non vérifié : pas de taux de transmission calculé"
PAL-CI-FFB-2026-01;Palmier à huile;Régimes de palme (FFB);Côte d'Ivoire;2026;Janvier 2026;Prix fixé (Conseil Hévéa-Palmier à huile-Coco);Bord champ;Régimes frais (planteurs villageois);80000;XOF;tonne;1000;2026-01:2026-01;558,821;BCE (parité fixe 655,957 FCFA/EUR);558,821;0,143159;80;1;FCFA/kg de produit tel que vendu;80;INT-CPO-2026-01;557,602;0,143471;;;;"Conseil Hévéa-Palmier à huile-Coco (via Afrik Soir) – Prix de janvier 2026 : huile de palme brute 620 000 FCFA/t ; régimes bord champ 80 000 FCFA/t";https://afriksoir.net/cote-divoire-le-conseil-hevea-palmier-a-huile-coco-fixe-les-prix-du-palmier-a-huile-pour-janvier-2026/;2026-10-01;B;Ratio = prix régime / prix mondial de l'huile brute (pas une transmission au sens strict)
PAL-CI-CPO-2026-01;Palmier à huile;Huile de palme brute (CPO);Côte d'Ivoire;2026;Janvier 2026;Prix fixé (marché intérieur);Départ huilerie;CPO;620000;XOF;tonne;1000;2026-01:2026-01;558,821;BCE (parité fixe 655,957 FCFA/EUR);558,821;1,10948;620;1;FCFA/kg de produit tel que vendu;620;INT-CPO-2026-01;557,602;1,1119;;;;"Conseil Hévéa-Palmier à huile-Coco (via Afrik Soir) – Prix de janvier 2026 : huile de palme brute 620 000 FCFA/t ; régimes bord champ 80 000 FCFA/t";https://afriksoir.net/cote-divoire-le-conseil-hevea-palmier-a-huile-coco-fixe-les-prix-du-palmier-a-huile-pour-janvier-2026/;2026-10-01;B;Prix intérieur de l'huile brute comparé au prix mondial (CIF Rotterdam)
PAL-CI-FFB-2024-Q4;Palmier à huile;Régimes de palme (FFB);Côte d'Ivoire;2024;Octobre-décembre 2024;Prix fixé (CHP-HC);Bord champ;Régimes frais;75000;XOF;tonne;1000;2024-10:2024-12;614,872;BCE (parité fixe 655,957 FCFA/EUR);614,872;0,121977;75;1;FCFA/kg de produit tel que vendu;75;INT-CPO-2024-Q4;704,145;0,106512;;;;"CHP-HC (via Abidjan Économie) – Huile de palme brute 600 000 FCFA/t ; régimes bord champ 75 000 FCFA/t (oct.-déc. 2024)";https://www.abidjaneconomie.net/2024/10/19/cote-divoire-nouvelles-tarifications-pour-lhuile-de-palme-brut-et-regimes-de-palme-pour-octobre-a-decembre-2024/;2026-10-01;B;
PAL-ID-FFB-2026-01;Palmier à huile;Régimes de palme (TBS);Indonésie;2026;Janvier 2026 (3 semaines);Prix de référence provincial (Disbun Riau);Livraison usine (planteurs partenaires);Palmiers de 10-20 ans;3459,13;IDR;kg;1;2026-01:2026-01;16831,3;BCE (taux croisé);558,821;0,205517;114,847;1;FCFA/kg de produit tel que vendu;114,847;INT-CPO-2026-01;557,602;0,205966;;;;Disbun Riau (via HaiSawit / Media Center Riau) – Prix TBS (régimes) Riau, palmiers 10-20 ans : 3 496,91 / 3 430,63 / 3 449,84 Rp/kg (janv. 2026);https://haisawit.co.id/news/detail/resmi-naik-cek-daftar-harga-sawit-riau-periode-1420-januari-2026;2026-10-01;B;"Prix départ planteur partenaire ; les planteurs indépendants vendent souvent en dessous"
PAL-MY-FFB-2025;Palmier à huile;Régimes de palme (FFB);Malaisie;2025;Moyenne 2025;Prix de référence MPOB (1 % OER × OER national);Départ plantation (référence);FFB, OER national 19,74 %;935,479;MYR;tonne;1000;2025-01:2025-12;4,2834;BCE (taux croisé);581,928;0,218396;127,091;1;FCFA/kg de produit tel que vendu;127,091;INT-CPO-2025;585,972;0,216889;;;;"Malaysian Palm Oil Board (MPOB) – Overview of the Malaysian Oil Palm Industry 2025 : prix des régimes à 1 % OER 47,39 RM ; OER 19,74 %";https://bepi.mpob.gov.my/images/overview/Overview2025.pdf;2026-10-01;A;Prix à 1 % OER (47,39 RM) × taux d'extraction national (19,74 %)
RIZ-CI-2025;Riz;Riz paddy;Côte d'Ivoire;2025;Moyenne janv.-déc. 2025;Prix moyen observé;Bord champ;Paddy sec (non précisé);233;XOF;kg;1;2025-01:2025-12;581,928;BCE (parité fixe 655,957 FCFA/EUR);581,928;0,400393;233;1;FCFA/kg de produit tel que vendu;233;INT-RIZ-2025;154,264;1,51039;;;;USDA FAS – Côte d'Ivoire Grain and Feed Annual 2026 : paddy bord champ 233 FCFA/kg en moyenne 2025 (+8,5 %);https://apps.fas.usda.gov/newgainapi/api/Report/DownloadReportByFileName?fileName=Grain+and+Feed+Annual_Accra_Cote+d%27Ivoire_IV2026-0003;2026-10-01;A;+8,5 % par rapport à 2024
RIZ-SN-2025;Riz;Riz paddy;Sénégal;2025;Campagne;Prix producteur fixé (interprofession);Bord champ;Paddy;130;XOF;kg;1;2025-01:2025-12;581,928;BCE (parité fixe 655,957 FCFA/EUR);581,928;0,223395;130;1;FCFA/kg de produit tel que vendu;130;INT-RIZ-2025;154,264;0,842709;;;;USDA FAS – Senegal Grain and Feed Annual 2025 : paddy 130 FCFA/kg + subvention 30 FCFA (prix usinier 160);https://apps.fas.usda.gov/newgainapi/api/Report/DownloadReportByFileName?fileName=Grain+and+Feed+Annual_Dakar_Senegal_SG2025-0008.pdf;2026-10-01;A;Subvention de 30 FCFA/kg depuis 2022 : prix payé par les usiniers 160 FCFA/kg
RIZ-VN-2025;Riz;Riz paddy frais (IR 50404 / OM 5451);Vietnam;2025;Fin 2025;Prix de marché;Bord champ (delta du Mékong);Paddy frais (humide);5550;VND;kg;1;2025-09:2025-10;25196,8;"BRI ; sept. 2026 : Vietcombank";561,554;0,220266;123,691;1;FCFA/kg de produit tel que vendu;123,691;INT-RIZ-2025;154,264;0,801813;;;;"SGGP News – Paddy frais du delta du Mékong : IR 50404 5 400-5 500 ; OM 5451 5 600-5 700 VND/kg (2025)";https://en.sggp.org.vn/rice-farmers-in-mekong-delta-struggle-as-prices-plunge-yields-decline-post120063.html;2026-10-01;B;"Paddy frais (humidité élevée) : sous-estime le prix du paddy sec ; comparaison indicative"
BAN-EC-2026;Banane dessert;Banane d'exportation (caisse 22XU, 43 lb);Équateur;2026;Année 2026;Prix minimum de soutien (administré);Pied du navire (producteur → exportateur);Banane export;7,5;USD;caisse 43 lb;19,5045;2026-01:2026-08;1;—;564,153;0,384527;216,932;1;FCFA/kg de produit tel que vendu;216,932;;;;;;;MAGP Équateur, Acuerdo Ministerial 107 (via Agraria.pe) – Prix minimum de soutien 2026 : 7,50 USD la caisse 22XU de 43 lb;https://agraria.pe/noticias/ecuador-fija-en-us-7-50-el-precio-minimo-de-la-caja-de-banan-40795;2026-10-01;B;Pas de prix producteur public comparable en Côte d'Ivoire (filière intégrée)
MAN-CI-2026;Mangue;Mangue export (Kent);Côte d'Ivoire;2026;Campagne 2026;Prix interprofessionnel (Inter-Mangue);Station de conditionnement;Mangue export;220;XOF;kg;1;2026-03:2026-06;564,825;BCE (parité fixe 655,957 FCFA/EUR);564,825;0,389501;220;1;FCFA/kg de produit tel que vendu;220;;;;;;;"Inter-Mangue (via AIP) – Mangue 2026 : prix bord champ maintenu à 2 450 FCFA la caisse ; 220 FCFA/kg en station";https://www.aip.ci/332817/cote-divoire-aip-filiere-mangue-le-prix-bord-champ-maintenu-a-2-450-fcfa-la-caisse-pour-la-campagne-2026/;2026-10-01;B;Bord champ : 2 450 FCFA la caisse (poids non publié) : non convertible en FCFA/kg
MAN-BF-2026;Mangue;Mangue;Burkina Faso;2026;Campagne 2026;Prix plancher (administré);Bord champ;Mangue;95;XOF;kg;1;2026-03:2026-06;564,825;BCE (parité fixe 655,957 FCFA/EUR);564,825;0,168194;95;1;FCFA/kg de produit tel que vendu;95;;;;;;;Gouvernement du Burkina Faso (via leFaso.net) – Campagne fruitière 2026 : anacarde 385 FCFA, mangue 95 FCFA le kg;https://lefaso.net/spip.php?article144610;2026-10-01;B;Stade différent du prix ivoirien (station) : pas de comparaison directe
INT-CAC-2016/17-P;Cacao;Fèves de cacao;International;2016-10 → 2017-03;Moyenne 2016-10 à 2017-03;Cours international (moyenne mensuelle);Bourses Londres/New York (prix ICCO);Standard;2,2962;USD;kg;1;2016-10:2017-03;1;—;612,13;2,2962;1405,57;1;FCFA/kg de produit tel que vendu;1405,57;;;;;;;Banque mondiale – Commodity Price Data (Pink Sheet), CMO-Historical-Data-Monthly.xlsx, mise à jour 3 février 2026;https://www.worldbank.org/en/research/commodity-markets;2026-10-01;A;Banque mondiale (ICCO) jusqu'en janv. 2026, FMI ensuite
INT-CAC-2016/17-I;Cacao;Fèves de cacao;International;2017-04 → 2017-09;Moyenne 2017-04 à 2017-09;Cours international (moyenne mensuelle);Bourses Londres/New York (prix ICCO);Standard;1,98639;USD;kg;1;2017-04:2017-09;1;—;577,514;1,98639;1147,17;1;FCFA/kg de produit tel que vendu;1147,17;;;;;;;Banque mondiale – Commodity Price Data (Pink Sheet), CMO-Historical-Data-Monthly.xlsx, mise à jour 3 février 2026;https://www.worldbank.org/en/research/commodity-markets;2026-10-01;A;Banque mondiale (ICCO) jusqu'en janv. 2026, FMI ensuite
INT-CAC-2017/18-P;Cacao;Fèves de cacao;International;2017-10 → 2018-03;Moyenne 2017-10 à 2018-03;Cours international (moyenne mensuelle);Bourses Londres/New York (prix ICCO);Standard;2,1202;USD;kg;1;2017-10:2018-03;1;—;545,278;2,1202;1156,1;1;FCFA/kg de produit tel que vendu;1156,1;;;;;;;Banque mondiale – Commodity Price Data (Pink Sheet), CMO-Historical-Data-Monthly.xlsx, mise à jour 3 février 2026;https://www.worldbank.org/en/research/commodity-markets;2026-10-01;A;Banque mondiale (ICCO) jusqu'en janv. 2026, FMI ensuite
INT-CAC-2017/18-I;Cacao;Fèves de cacao;International;2018-04 → 2018-09;Moyenne 2018-04 à 2018-09;Cours international (moyenne mensuelle);Bourses Londres/New York (prix ICCO);Standard;2,40316;USD;kg;1;2018-04:2018-09;1;—;557,214;2,40316;1339,08;1;FCFA/kg de produit tel que vendu;1339,08;;;;;;;Banque mondiale – Commodity Price Data (Pink Sheet), CMO-Historical-Data-Monthly.xlsx, mise à jour 3 février 2026;https://www.worldbank.org/en/research/commodity-markets;2026-10-01;A;Banque mondiale (ICCO) jusqu'en janv. 2026, FMI ensuite
INT-CAC-2018/19-P;Cacao;Fèves de cacao;International;2018-10 → 2019-03;Moyenne 2018-10 à 2019-03;Cours international (moyenne mensuelle);Bourses Londres/New York (prix ICCO);Standard;2,20788;USD;kg;1;2018-10:2019-03;1;—;576,214;2,20788;1272,21;1;FCFA/kg de produit tel que vendu;1272,21;;;;;;;Banque mondiale – Commodity Price Data (Pink Sheet), CMO-Historical-Data-Monthly.xlsx, mise à jour 3 février 2026;https://www.worldbank.org/en/research/commodity-markets;2026-10-01;A;Banque mondiale (ICCO) jusqu'en janv. 2026, FMI ensuite
INT-CAC-2018/19-I;Cacao;Fèves de cacao;International;2019-04 → 2019-09;Moyenne 2019-04 à 2019-09;Cours international (moyenne mensuelle);Bourses Londres/New York (prix ICCO);Standard;2,32843;USD;kg;1;2019-04:2019-09;1;—;586,898;2,32843;1366,55;1;FCFA/kg de produit tel que vendu;1366,55;;;;;;;Banque mondiale – Commodity Price Data (Pink Sheet), CMO-Historical-Data-Monthly.xlsx, mise à jour 3 février 2026;https://www.worldbank.org/en/research/commodity-markets;2026-10-01;A;Banque mondiale (ICCO) jusqu'en janv. 2026, FMI ensuite
INT-CAC-2019/20-P;Cacao;Fèves de cacao;International;2019-10 → 2020-03;Moyenne 2019-10 à 2020-03;Cours international (moyenne mensuelle);Bourses Londres/New York (prix ICCO);Standard;2,50956;USD;kg;1;2019-10:2020-03;1;—;593,777;2,50956;1490,12;1;FCFA/kg de produit tel que vendu;1490,12;;;;;;;Banque mondiale – Commodity Price Data (Pink Sheet), CMO-Historical-Data-Monthly.xlsx, mise à jour 3 février 2026;https://www.worldbank.org/en/research/commodity-markets;2026-10-01;A;Banque mondiale (ICCO) jusqu'en janv. 2026, FMI ensuite
INT-CAC-2019/20-I;Cacao;Fèves de cacao;International;2020-04 → 2020-09;Moyenne 2020-04 à 2020-09;Cours international (moyenne mensuelle);Bourses Londres/New York (prix ICCO);Standard;2,2872;USD;kg;1;2020-04:2020-09;1;—;578,58;2,2872;1323,33;1;FCFA/kg de produit tel que vendu;1323,33;;;;;;;Banque mondiale – Commodity Price Data (Pink Sheet), CMO-Historical-Data-Monthly.xlsx, mise à jour 3 février 2026;https://www.worldbank.org/en/research/commodity-markets;2026-10-01;A;Banque mondiale (ICCO) jusqu'en janv. 2026, FMI ensuite
INT-CAC-2020/21-P;Cacao;Fèves de cacao;International;2020-10 → 2021-03;Moyenne 2020-10 à 2021-03;Cours international (moyenne mensuelle);Bourses Londres/New York (prix ICCO);Standard;2,38593;USD;kg;1;2020-10:2021-03;1;—;547,104;2,38593;1305,35;1;FCFA/kg de produit tel que vendu;1305,35;;;;;;;Banque mondiale – Commodity Price Data (Pink Sheet), CMO-Historical-Data-Monthly.xlsx, mise à jour 3 février 2026;https://www.worldbank.org/en/research/commodity-markets;2026-10-01;A;Banque mondiale (ICCO) jusqu'en janv. 2026, FMI ensuite
INT-CAC-2020/21-I;Cacao;Fèves de cacao;International;2021-04 → 2021-09;Moyenne 2021-04 à 2021-09;Cours international (moyenne mensuelle);Bourses Londres/New York (prix ICCO);Standard;2,41949;USD;kg;1;2021-04:2021-09;1;—;550,256;2,41949;1331,34;1;FCFA/kg de produit tel que vendu;1331,34;;;;;;;Banque mondiale – Commodity Price Data (Pink Sheet), CMO-Historical-Data-Monthly.xlsx, mise à jour 3 février 2026;https://www.worldbank.org/en/research/commodity-markets;2026-10-01;A;Banque mondiale (ICCO) jusqu'en janv. 2026, FMI ensuite
INT-CAC-2021/22-P;Cacao;Fèves de cacao;International;2021-10 → 2022-03;Moyenne 2021-10 à 2022-03;Cours international (moyenne mensuelle);Bourses Londres/New York (prix ICCO);Standard;2,4701;USD;kg;1;2021-10:2022-03;1;—;578,966;2,4701;1430,1;1;FCFA/kg de produit tel que vendu;1430,1;;;;;;;Banque mondiale – Commodity Price Data (Pink Sheet), CMO-Historical-Data-Monthly.xlsx, mise à jour 3 février 2026;https://www.worldbank.org/en/research/commodity-markets;2026-10-01;A;Banque mondiale (ICCO) jusqu'en janv. 2026, FMI ensuite
INT-CAC-2021/22-I;Cacao;Fèves de cacao;International;2022-04 → 2022-09;Moyenne 2022-04 à 2022-09;Cours international (moyenne mensuelle);Bourses Londres/New York (prix ICCO);Standard;2,33418;USD;kg;1;2022-04:2022-09;1;—;633,605;2,33418;1478,95;1;FCFA/kg de produit tel que vendu;1478,95;;;;;;;Banque mondiale – Commodity Price Data (Pink Sheet), CMO-Historical-Data-Monthly.xlsx, mise à jour 3 février 2026;https://www.worldbank.org/en/research/commodity-markets;2026-10-01;A;Banque mondiale (ICCO) jusqu'en janv. 2026, FMI ensuite
INT-CAC-2022/23-P;Cacao;Fèves de cacao;International;2022-10 → 2023-03;Moyenne 2022-10 à 2023-03;Cours international (moyenne mensuelle);Bourses Londres/New York (prix ICCO);Standard;2,54306;USD;kg;1;2022-10:2023-03;1;—;627,35;2,54306;1595,39;1;FCFA/kg de produit tel que vendu;1595,39;;;;;;;Banque mondiale – Commodity Price Data (Pink Sheet), CMO-Historical-Data-Monthly.xlsx, mise à jour 3 février 2026;https://www.worldbank.org/en/research/commodity-markets;2026-10-01;A;Banque mondiale (ICCO) jusqu'en janv. 2026, FMI ensuite
INT-CAC-2022/23-I;Cacao;Fèves de cacao;International;2023-04 → 2023-09;Moyenne 2023-04 à 2023-09;Cours international (moyenne mensuelle);Bourses Londres/New York (prix ICCO);Standard;3,24604;USD;kg;1;2023-04:2023-09;1;—;602,546;3,24604;1955,89;1;FCFA/kg de produit tel que vendu;1955,89;;;;;;;Banque mondiale – Commodity Price Data (Pink Sheet), CMO-Historical-Data-Monthly.xlsx, mise à jour 3 février 2026;https://www.worldbank.org/en/research/commodity-markets;2026-10-01;A;Banque mondiale (ICCO) jusqu'en janv. 2026, FMI ensuite
INT-CAC-2023/24-P;Cacao;Fèves de cacao;International;2023-10 → 2024-03;Moyenne 2023-10 à 2024-03;Cours international (moyenne mensuelle);Bourses Londres/New York (prix ICCO);Standard;4,81816;USD;kg;1;2023-10:2024-03;1;—;607,011;4,81816;2924,67;1;FCFA/kg de produit tel que vendu;2924,67;;;;;;;Banque mondiale – Commodity Price Data (Pink Sheet), CMO-Historical-Data-Monthly.xlsx, mise à jour 3 février 2026;https://www.worldbank.org/en/research/commodity-markets;2026-10-01;A;Banque mondiale (ICCO) jusqu'en janv. 2026, FMI ensuite
INT-CAC-2023/24-I;Cacao;Fèves de cacao;International;2024-04 → 2024-09;Moyenne 2024-04 à 2024-09;Cours international (moyenne mensuelle);Bourses Londres/New York (prix ICCO);Standard;7,67346;USD;kg;1;2024-04:2024-09;1;—;603,169;7,67346;4628,4;1;FCFA/kg de produit tel que vendu;4628,4;;;;;;;Banque mondiale – Commodity Price Data (Pink Sheet), CMO-Historical-Data-Monthly.xlsx, mise à jour 3 février 2026;https://www.worldbank.org/en/research/commodity-markets;2026-10-01;A;Banque mondiale (ICCO) jusqu'en janv. 2026, FMI ensuite
INT-CAC-2024/25-P;Cacao;Fèves de cacao;International;2024-10 → 2025-03;Moyenne 2024-10 à 2025-03;Cours international (moyenne mensuelle);Bourses Londres/New York (prix ICCO);Standard;8,92626;USD;kg;1;2024-10:2025-03;1;—;619,186;8,92626;5527,02;1;FCFA/kg de produit tel que vendu;5527,02;;;;;;;Banque mondiale – Commodity Price Data (Pink Sheet), CMO-Historical-Data-Monthly.xlsx, mise à jour 3 février 2026;https://www.worldbank.org/en/research/commodity-markets;2026-10-01;A;Banque mondiale (ICCO) jusqu'en janv. 2026, FMI ensuite
INT-CAC-2024/25-I;Cacao;Fèves de cacao;International;2025-04 → 2025-09;Moyenne 2025-04 à 2025-09;Cours international (moyenne mensuelle);Bourses Londres/New York (prix ICCO);Standard;7,9237;USD;kg;1;2025-04:2025-09;1;—;570,164;7,9237;4517,8;1;FCFA/kg de produit tel que vendu;4517,8;;;;;;;Banque mondiale – Commodity Price Data (Pink Sheet), CMO-Historical-Data-Monthly.xlsx, mise à jour 3 février 2026;https://www.worldbank.org/en/research/commodity-markets;2026-10-01;A;Banque mondiale (ICCO) jusqu'en janv. 2026, FMI ensuite
INT-CAC-2025/26-P;Cacao;Fèves de cacao;International;2025-10 → 2026-03;Moyenne 2025-10 à 2026-03;Cours international (moyenne mensuelle);Bourses Londres/New York (prix ICCO);Standard;4,85851;USD;kg;1;2025-10:2026-03;1;—;562,128;4,85851;2731,1;1;FCFA/kg de produit tel que vendu;2731,1;;;;;;;Banque mondiale – Commodity Price Data (Pink Sheet), CMO-Historical-Data-Monthly.xlsx, mise à jour 3 février 2026;https://www.worldbank.org/en/research/commodity-markets;2026-10-01;A;Banque mondiale (ICCO) jusqu'en janv. 2026, FMI ensuite
INT-CAC-2025/26-I;Cacao;Fèves de cacao;International;2026-04 → 2026-08;Moyenne 2026-04 à 2026-08;Cours international (moyenne mensuelle);Bourses Londres/New York (prix ICCO);Standard;4,70735;USD;kg;1;2026-04:2026-08;1;—;566,423;4,70735;2666,35;1;FCFA/kg de produit tel que vendu;2666,35;;;;;;;Banque mondiale – Commodity Price Data (Pink Sheet), CMO-Historical-Data-Monthly.xlsx, mise à jour 3 février 2026;https://www.worldbank.org/en/research/commodity-markets;2026-10-01;A;"Banque mondiale (ICCO) jusqu'en janv. 2026, FMI ensuite ; septembre 2026 non disponible"
INT-CAC-2026-01;Cacao;Fèves de cacao;International;2026-01 → 2026-01;Moyenne 2026-01 à 2026-01;Cours international (mensuel);Prix ICCO;Standard;4,9725;USD;kg;1;2026-01:2026-01;1;—;558,821;4,9725;2778,74;1;FCFA/kg de produit tel que vendu;2778,74;;;;;;;Banque mondiale – Commodity Price Data (Pink Sheet), CMO-Historical-Data-Monthly.xlsx, mise à jour 3 février 2026;https://www.worldbank.org/en/research/commodity-markets;2026-10-01;A;
INT-CAC-2026-02;Cacao;Fèves de cacao;International;2026-02 → 2026-02;Moyenne 2026-02 à 2026-02;Cours international (mensuel);Prix ICCO;Standard;3,58719;USD;kg;1;2026-02:2026-02;1;—;554,77;3,58719;1990,06;1;FCFA/kg de produit tel que vendu;1990,06;;;;;;;FMI – Primary Commodity Prices (via FRED : PCOCOUSDM, PCOFFROBUSDM);https://fred.stlouisfed.org/series/PCOCOUSDM;2026-10-01;A;
INT-CAC-2026-08;Cacao;Fèves de cacao;International;2026-08 → 2026-08;Moyenne 2026-08 à 2026-08;Cours international (mensuel);Prix ICCO;Standard;5,987;USD;kg;1;2026-08:2026-08;1;—;565,817;5,987;3387,54;1;FCFA/kg de produit tel que vendu;3387,54;;;;;;;FMI – Primary Commodity Prices (via FRED : PCOCOUSDM, PCOFFROBUSDM);https://fred.stlouisfed.org/series/PCOCOUSDM;2026-10-01;A;
INT-CAC-2026-04;Cacao;Fèves de cacao;International;2026-03 → 2026-04;Moyenne 2026-03 à 2026-04;Cours international;Prix ICCO;Standard;3,31682;USD;kg;1;2026-03:2026-04;1;—;563,93;3,31682;1870,45;1;FCFA/kg de produit tel que vendu;1870,45;;;;;;;FMI – Primary Commodity Prices (via FRED : PCOCOUSDM, PCOFFROBUSDM);https://fred.stlouisfed.org/series/PCOCOUSDM;2026-10-01;A;
INT-CAC-2026-05;Cacao;Fèves de cacao;International;2026-05 → 2026-05;Moyenne 2026-05 à 2026-05;Cours international;Prix ICCO;Standard;4,14297;USD;kg;1;2026-05:2026-05;1;—;561,934;4,14297;2328,08;1;FCFA/kg de produit tel que vendu;2328,08;;;;;;;FMI – Primary Commodity Prices (via FRED : PCOCOUSDM, PCOFFROBUSDM);https://fred.stlouisfed.org/series/PCOCOUSDM;2026-10-01;A;
INT-CAC-2026-06;Cacao;Fèves de cacao;International;2026-06 → 2026-06;Moyenne 2026-06 à 2026-06;Cours international;Prix ICCO;Standard;4,39546;USD;kg;1;2026-06:2026-06;1;—;569,506;4,39546;2503,24;1;FCFA/kg de produit tel que vendu;2503,24;;;;;;;FMI – Primary Commodity Prices (via FRED : PCOCOUSDM, PCOFFROBUSDM);https://fred.stlouisfed.org/series/PCOCOUSDM;2026-10-01;A;
INT-ROB-2016/17;Café;Café robusta;International;2016-10 → 2017-09;Moyenne 2016-10 à 2017-09;Cours international (indicateur OIC);Ex-dock New York/Le Havre-Marseille;Robusta (indicateur OIC);2,28415;USD;kg;1;2016-10:2017-09;1;—;594,822;2,28415;1358,66;1;FCFA/kg de produit tel que vendu;1358,66;;;;;;;Banque mondiale – Commodity Price Data (Pink Sheet), CMO-Historical-Data-Monthly.xlsx, mise à jour 3 février 2026;https://www.worldbank.org/en/research/commodity-markets;2026-10-01;A;
INT-ROB-2017/18;Café;Café robusta;International;2017-10 → 2018-09;Moyenne 2017-10 à 2018-09;Cours international (indicateur OIC);Ex-dock New York/Le Havre-Marseille;Robusta (indicateur OIC);1,92603;USD;kg;1;2017-10:2018-09;1;—;551,246;1,92603;1061,72;1;FCFA/kg de produit tel que vendu;1061,72;;;;;;;Banque mondiale – Commodity Price Data (Pink Sheet), CMO-Historical-Data-Monthly.xlsx, mise à jour 3 février 2026;https://www.worldbank.org/en/research/commodity-markets;2026-10-01;A;
INT-ROB-2018/19;Café;Café robusta;International;2018-10 → 2019-09;Moyenne 2018-10 à 2019-09;Cours international (indicateur OIC);Ex-dock New York/Le Havre-Marseille;Robusta (indicateur OIC);1,67922;USD;kg;1;2018-10:2019-09;1;—;581,556;1,67922;976,562;1;FCFA/kg de produit tel que vendu;976,562;;;;;;;Banque mondiale – Commodity Price Data (Pink Sheet), CMO-Historical-Data-Monthly.xlsx, mise à jour 3 février 2026;https://www.worldbank.org/en/research/commodity-markets;2026-10-01;A;
INT-ROB-2019/20;Café;Café robusta;International;2019-10 → 2020-09;Moyenne 2019-10 à 2020-09;Cours international (indicateur OIC);Ex-dock New York/Le Havre-Marseille;Robusta (indicateur OIC);1,52021;USD;kg;1;2019-10:2020-09;1;—;586,179;1,52021;891,117;1;FCFA/kg de produit tel que vendu;891,117;;;;;;;Banque mondiale – Commodity Price Data (Pink Sheet), CMO-Historical-Data-Monthly.xlsx, mise à jour 3 février 2026;https://www.worldbank.org/en/research/commodity-markets;2026-10-01;A;
INT-ROB-2020/21;Café;Café robusta;International;2020-10 → 2021-09;Moyenne 2020-10 à 2021-09;Cours international (indicateur OIC);Ex-dock New York/Le Havre-Marseille;Robusta (indicateur OIC);1,77079;USD;kg;1;2020-10:2021-09;1;—;548,68;1,77079;971,596;1;FCFA/kg de produit tel que vendu;971,596;;;;;;;Banque mondiale – Commodity Price Data (Pink Sheet), CMO-Historical-Data-Monthly.xlsx, mise à jour 3 février 2026;https://www.worldbank.org/en/research/commodity-markets;2026-10-01;A;
INT-ROB-2021/22;Café;Café robusta;International;2021-10 → 2022-09;Moyenne 2021-10 à 2022-09;Cours international (indicateur OIC);Ex-dock New York/Le Havre-Marseille;Robusta (indicateur OIC);2,35661;USD;kg;1;2021-10:2022-09;1;—;606,285;2,35661;1428,78;1;FCFA/kg de produit tel que vendu;1428,78;;;;;;;Banque mondiale – Commodity Price Data (Pink Sheet), CMO-Historical-Data-Monthly.xlsx, mise à jour 3 février 2026;https://www.worldbank.org/en/research/commodity-markets;2026-10-01;A;
INT-ROB-2022/23;Café;Café robusta;International;2022-10 → 2023-09;Moyenne 2022-10 à 2023-09;Cours international (indicateur OIC);Ex-dock New York/Le Havre-Marseille;Robusta (indicateur OIC);2,46412;USD;kg;1;2022-10:2023-09;1;—;614,948;2,46412;1515,31;1;FCFA/kg de produit tel que vendu;1515,31;;;;;;;Banque mondiale – Commodity Price Data (Pink Sheet), CMO-Historical-Data-Monthly.xlsx, mise à jour 3 février 2026;https://www.worldbank.org/en/research/commodity-markets;2026-10-01;A;
INT-ROB-2023/24;Café;Café robusta;International;2023-10 → 2024-09;Moyenne 2023-10 à 2024-09;Cours international (indicateur OIC);Ex-dock New York/Le Havre-Marseille;Robusta (indicateur OIC);3,84879;USD;kg;1;2023-10:2024-09;1;—;605,09;3,84879;2328,86;1;FCFA/kg de produit tel que vendu;2328,86;;;;;;;Banque mondiale – Commodity Price Data (Pink Sheet), CMO-Historical-Data-Monthly.xlsx, mise à jour 3 février 2026;https://www.worldbank.org/en/research/commodity-markets;2026-10-01;A;
INT-ROB-2024/25;Café;Café robusta;International;2024-10 → 2025-09;Moyenne 2024-10 à 2025-09;Cours international (indicateur OIC);Ex-dock New York/Le Havre-Marseille;Robusta (indicateur OIC);4,97766;USD;kg;1;2024-10:2025-09;1;—;594,675;4,97766;2960,09;1;FCFA/kg de produit tel que vendu;2960,09;;;;;;;Banque mondiale – Commodity Price Data (Pink Sheet), CMO-Historical-Data-Monthly.xlsx, mise à jour 3 février 2026;https://www.worldbank.org/en/research/commodity-markets;2026-10-01;A;
INT-ROB-2025/26;Café;Café robusta;International;2025-10 → 2026-08;Moyenne 2025-10 à 2026-08;Cours international (indicateur OIC);Ex-dock New York/Le Havre-Marseille;Robusta (indicateur OIC);4,08047;USD;kg;1;2025-10:2026-08;1;—;564,08;4,08047;2301,71;1;FCFA/kg de produit tel que vendu;2301,71;;;;;;;Banque mondiale – Commodity Price Data (Pink Sheet), CMO-Historical-Data-Monthly.xlsx, mise à jour 3 février 2026;https://www.worldbank.org/en/research/commodity-markets;2026-10-01;A;"Banque mondiale jusqu'en janv. 2026 ; OIC/FMI ensuite"
INT-ROB-2026-07;Café;Café robusta;International;2026-07 → 2026-07;Moyenne 2026-07 à 2026-07;Cours international (mensuel);Ex-dock;Robusta;4,08362;USD;kg;1;2026-07:2026-07;1;—;574,52;4,08362;2346,12;1;FCFA/kg de produit tel que vendu;2346,12;;;;;;;FMI – Primary Commodity Prices (via FRED : PCOCOUSDM, PCOFFROBUSDM);https://fred.stlouisfed.org/series/PCOCOUSDM;2026-10-01;A;
INT-ROB-2026-08;Café;Café robusta;International;2026-08 → 2026-08;Moyenne 2026-08 à 2026-08;Cours international (mensuel);Ex-dock;Robusta;3,98221;USD;kg;1;2026-08:2026-08;1;—;565,817;3,98221;2253,2;1;FCFA/kg de produit tel que vendu;2253,2;;;;;;;Organisation internationale du café – Coffee Market Report (février et août 2026);https://www.ico.org/documents/cy2025-26/cmr-0826-e.pdf;2026-10-01;A;
INT-COT-2017/18;Coton;Coton fibre;International;2017-08 → 2018-07;Moyenne 2017-08 à 2018-07;Indice Cotlook A;CFR Extrême-Orient;"Middling 1-1/8""";1,94089;USD;kg;1;2017-08:2018-07;1;—;549,206;1,94089;1065,95;1;FCFA/kg de produit tel que vendu;1065,95;;;;;;;Banque mondiale – Commodity Price Data (Pink Sheet), CMO-Historical-Data-Monthly.xlsx, mise à jour 3 février 2026;https://www.worldbank.org/en/research/commodity-markets;2026-10-01;A;Campagne de commercialisation de la fibre (août-juillet)
INT-COT-2018/19;Coton;Coton fibre;International;2018-08 → 2019-07;Moyenne 2018-08 à 2019-07;Indice Cotlook A;CFR Extrême-Orient;"Middling 1-1/8""";1,85991;USD;kg;1;2018-08:2019-07;1;—;576,967;1,85991;1073,11;1;FCFA/kg de produit tel que vendu;1073,11;;;;;;;Banque mondiale – Commodity Price Data (Pink Sheet), CMO-Historical-Data-Monthly.xlsx, mise à jour 3 février 2026;https://www.worldbank.org/en/research/commodity-markets;2026-10-01;A;Campagne de commercialisation de la fibre (août-juillet)
INT-COT-2019/20;Coton;Coton fibre;International;2019-08 → 2020-07;Moyenne 2019-08 à 2020-07;Indice Cotlook A;CFR Extrême-Orient;"Middling 1-1/8""";1,57178;USD;kg;1;2019-08:2020-07;1;—;592,415;1,57178;931,149;1;FCFA/kg de produit tel que vendu;931,149;;;;;;;Banque mondiale – Commodity Price Data (Pink Sheet), CMO-Historical-Data-Monthly.xlsx, mise à jour 3 février 2026;https://www.worldbank.org/en/research/commodity-markets;2026-10-01;A;Campagne de commercialisation de la fibre (août-juillet)
INT-COT-2020/21;Coton;Coton fibre;International;2020-08 → 2021-07;Moyenne 2020-08 à 2021-07;Indice Cotlook A;CFR Extrême-Orient;"Middling 1-1/8""";1,87314;USD;kg;1;2020-08:2021-07;1;—;548,372;1,87314;1027,18;1;FCFA/kg de produit tel que vendu;1027,18;;;;;;;Banque mondiale – Commodity Price Data (Pink Sheet), CMO-Historical-Data-Monthly.xlsx, mise à jour 3 février 2026;https://www.worldbank.org/en/research/commodity-markets;2026-10-01;A;Campagne de commercialisation de la fibre (août-juillet)
INT-COT-2021/22;Coton;Coton fibre;International;2021-08 → 2022-07;Moyenne 2021-08 à 2022-07;Indice Cotlook A;CFR Extrême-Orient;"Middling 1-1/8""";2,91157;USD;kg;1;2021-08:2022-07;1;—;589,998;2,91157;1717,82;1;FCFA/kg de produit tel que vendu;1717,82;;;;;;;Banque mondiale – Commodity Price Data (Pink Sheet), CMO-Historical-Data-Monthly.xlsx, mise à jour 3 février 2026;https://www.worldbank.org/en/research/commodity-markets;2026-10-01;A;Campagne de commercialisation de la fibre (août-juillet)
INT-COT-2022/23;Coton;Coton fibre;International;2022-08 → 2023-07;Moyenne 2022-08 à 2023-07;Indice Cotlook A;CFR Extrême-Orient;"Middling 1-1/8""";2,22933;USD;kg;1;2022-08:2023-07;1;—;622,839;2,22933;1388,51;1;FCFA/kg de produit tel que vendu;1388,51;;;;;;;Banque mondiale – Commodity Price Data (Pink Sheet), CMO-Historical-Data-Monthly.xlsx, mise à jour 3 février 2026;https://www.worldbank.org/en/research/commodity-markets;2026-10-01;A;Campagne de commercialisation de la fibre (août-juillet)
INT-COT-2023/24;Coton;Coton fibre;International;2023-08 → 2024-07;Moyenne 2023-08 à 2024-07;Indice Cotlook A;CFR Extrême-Orient;"Middling 1-1/8""";2,02645;USD;kg;1;2023-08:2024-07;1;—;607,505;2,02645;1231,08;1;FCFA/kg de produit tel que vendu;1231,08;;;;;;;Banque mondiale – Commodity Price Data (Pink Sheet), CMO-Historical-Data-Monthly.xlsx, mise à jour 3 février 2026;https://www.worldbank.org/en/research/commodity-markets;2026-10-01;A;Campagne de commercialisation de la fibre (août-juillet)
INT-COT-2024/25;Coton;Coton fibre;International;2024-08 → 2025-07;Moyenne 2024-08 à 2025-07;Indice Cotlook A;CFR Extrême-Orient;"Middling 1-1/8""";1,75423;USD;kg;1;2024-08:2025-07;1;—;599,945;1,75423;1052,44;1;FCFA/kg de produit tel que vendu;1052,44;;;;;;;Banque mondiale – Commodity Price Data (Pink Sheet), CMO-Historical-Data-Monthly.xlsx, mise à jour 3 février 2026;https://www.worldbank.org/en/research/commodity-markets;2026-10-01;A;Campagne de commercialisation de la fibre (août-juillet)
INT-COT-2025/26;Coton;Coton fibre;International;2025-08 → 2026-01;Moyenne 2025-08 à 2026-01;Indice Cotlook A;CFR Extrême-Orient;"Middling 1-1/8""";1,67628;USD;kg;1;2025-08:2026-01;1;—;562,256;1,67628;942,5;1;FCFA/kg de produit tel que vendu;942,5;;;;;;;Banque mondiale – Commodity Price Data (Pink Sheet), CMO-Historical-Data-Monthly.xlsx, mise à jour 3 février 2026;https://www.worldbank.org/en/research/commodity-markets;2026-10-01;A;"Campagne de commercialisation de la fibre (août-juillet) ; 2025/26 : août 2025-janv. 2026 seulement"
INT-TSR-2024-12;Caoutchouc;Caoutchouc naturel TSR20;International;2024-12 → 2024-12;Moyenne 2024-12 à 2024-12;Cours SGX-SICOM TSR20 (mensuel);FOB (contrat SICOM);TSR20 (sec);1,9937;USD;kg;1;2024-12:2024-12;1;—;625,988;1,9937;1248,03;1;FCFA/kg de produit tel que vendu;1248,03;;;;;;;Banque mondiale – Commodity Price Data (Pink Sheet), CMO-Historical-Data-Monthly.xlsx, mise à jour 3 février 2026;https://www.worldbank.org/en/research/commodity-markets;2026-10-01;A;
INT-TSR-2025-03;Caoutchouc;Caoutchouc naturel TSR20;International;2025-03 → 2025-03;Moyenne 2025-03 à 2025-03;Cours SGX-SICOM TSR20 (mensuel);FOB (contrat SICOM);TSR20 (sec);1,9816;USD;kg;1;2025-03:2025-03;1;—;606,985;1,9816;1202,8;1;FCFA/kg de produit tel que vendu;1202,8;;;;;;;Banque mondiale – Commodity Price Data (Pink Sheet), CMO-Historical-Data-Monthly.xlsx, mise à jour 3 février 2026;https://www.worldbank.org/en/research/commodity-markets;2026-10-01;A;
INT-TSR-2025-04;Caoutchouc;Caoutchouc naturel TSR20;International;2025-04 → 2025-04;Moyenne 2025-04 à 2025-04;Cours SGX-SICOM TSR20 (mensuel);FOB (contrat SICOM);TSR20 (sec);1,7065;USD;kg;1;2025-04:2025-04;1;—;584,947;1,7065;998,213;1;FCFA/kg de produit tel que vendu;998,213;;;;;;;Banque mondiale – Commodity Price Data (Pink Sheet), CMO-Historical-Data-Monthly.xlsx, mise à jour 3 février 2026;https://www.worldbank.org/en/research/commodity-markets;2026-10-01;A;
INT-TSR-2025-12;Caoutchouc;Caoutchouc naturel TSR20;International;2025-12 → 2025-12;Moyenne 2025-12 à 2025-12;Cours SGX-SICOM TSR20 (mensuel);FOB (contrat SICOM);TSR20 (sec);1,7401;USD;kg;1;2025-12:2025-12;1;—;560,23;1,7401;974,856;1;FCFA/kg de produit tel que vendu;974,856;;;;;;;Banque mondiale – Commodity Price Data (Pink Sheet), CMO-Historical-Data-Monthly.xlsx, mise à jour 3 février 2026;https://www.worldbank.org/en/research/commodity-markets;2026-10-01;A;
INT-TSR-2026-01;Caoutchouc;Caoutchouc naturel TSR20;International;2026-01 → 2026-01;Moyenne 2026-01 à 2026-01;Cours SGX-SICOM TSR20 (mensuel);FOB (contrat SICOM);TSR20 (sec);1,8431;USD;kg;1;2026-01:2026-01;1;—;558,821;1,8431;1029,96;1;FCFA/kg de produit tel que vendu;1029,96;;;;;;;Banque mondiale – Commodity Price Data (Pink Sheet), CMO-Historical-Data-Monthly.xlsx, mise à jour 3 février 2026;https://www.worldbank.org/en/research/commodity-markets;2026-10-01;A;
INT-TSR-2026-03;Caoutchouc;Caoutchouc naturel TSR20;International;2026-03 → 2026-03;Moyenne 2026-03 à 2026-03;Cours SGX-SICOM TSR20 (mensuel);FOB (contrat SICOM);TSR20 (sec);1,965;USD;kg;1;2026-03:2026-03;1;—;567,519;1,965;1115,18;1;FCFA/kg de produit tel que vendu;1115,18;;;;;;;SGX – SICOM Rubber Monthly Report – mars 2026;https://api2.sgx.com/sites/default/files/2026-04/SICOM%20SGX%20March%202026%20.pdf;2026-10-01;A;
INT-CPO-2026-01;Palmier à huile;Huile de palme brute;International;2026-01 → 2026-01;Moyenne 2026-01 à 2026-01;Prix mondial (Malaisie/Indonésie);CIF Rotterdam;CPO;997,82;USD;tonne;1000;2026-01:2026-01;1;—;558,821;0,99782;557,602;1;FCFA/kg de produit tel que vendu;557,602;;;;;;;Banque mondiale – Commodity Price Data (Pink Sheet), CMO-Historical-Data-Monthly.xlsx, mise à jour 3 février 2026;https://www.worldbank.org/en/research/commodity-markets;2026-10-01;A;
INT-CPO-2024-Q4;Palmier à huile;Huile de palme brute;International;2024-10 → 2024-12;Moyenne 2024-10 à 2024-12;Prix mondial;CIF Rotterdam;CPO;1145,19;USD;tonne;1000;2024-10:2024-12;1;—;614,872;1,14519;704,145;1;FCFA/kg de produit tel que vendu;704,145;;;;;;;Banque mondiale – Commodity Price Data (Pink Sheet), CMO-Historical-Data-Monthly.xlsx, mise à jour 3 février 2026;https://www.worldbank.org/en/research/commodity-markets;2026-10-01;A;
INT-CPO-2025;Palmier à huile;Huile de palme brute;International;2025-01 → 2025-12;Moyenne 2025-01 à 2025-12;Prix mondial;CIF Rotterdam;CPO;1006,95;USD;tonne;1000;2025-01:2025-12;1;—;581,928;1,00695;585,972;1;FCFA/kg de produit tel que vendu;585,972;;;;;;;Banque mondiale – Commodity Price Data (Pink Sheet), CMO-Historical-Data-Monthly.xlsx, mise à jour 3 février 2026;https://www.worldbank.org/en/research/commodity-markets;2026-10-01;A;
INT-RIZ-2025;Riz;Riz blanchi Thaï 5 % brisures (équivalent paddy);International;2025-01 → 2025-12;Moyenne 2025-01 à 2025-12;Prix FOB Bangkok × taux d'usinage;FOB Bangkok (équivalent paddy);"Thaï 5 % ; taux d'usinage 65 %";407,833;USD;tonne;1000;2025-01:2025-12;1;—;581,928;0,407833;237,33;1,53846;équivalent paddy (× taux d'usinage);154,264;;;;;;;Banque mondiale – Commodity Price Data (Pink Sheet), CMO-Historical-Data-Monthly.xlsx, mise à jour 3 février 2026;https://www.worldbank.org/en/research/commodity-markets;2026-10-01;A;"Équivalent paddy = prix du riz blanchi × 65 % (paramètre) ; hors fret, assurance et droits"
