area,currency,period,value
ET,ETB: Ethiopian Birr,2013-01,18.220474
ET,ETB: Ethiopian Birr,2013-02,18.29621
ET,ETB: Ethiopian Birr,2013-03,18.371795
ET,ETB: Ethiopian Birr,2013-04,18.453164
ET,ETB: Ethiopian Birr,2013-05,18.534885
ET,ETB: Ethiopian Birr,2013-06,18.611095
ET,ETB: Ethiopian Birr,2013-07,18.67623
ET,ETB: Ethiopian Birr,2013-08,18.739495
ET,ETB: Ethiopian Birr,2013-09,18.7991
ET,ETB: Ethiopian Birr,2013-10,18.8595
ET,ETB: Ethiopian Birr,2013-11,18.9388
ET,ETB: Ethiopian Birr,2013-12,19.0188
ET,ETB: Ethiopian Birr,2014-01,19.1007
ET,ETB: Ethiopian Birr,2014-02,19.1812
ET,ETB: Ethiopian Birr,2014-03,19.2639
ET,ETB: Ethiopian Birr,2014-04,19.3512
ET,ETB: Ethiopian Birr,2014-05,19.4385
ET,ETB: Ethiopian Birr,2014-06,19.530243
ET,ETB: Ethiopian Birr,2014-07,19.6303
ET,ETB: Ethiopian Birr,2014-08,19.729562
ET,ETB: Ethiopian Birr,2014-09,19.8264
ET,ETB: Ethiopian Birr,2014-10,19.923065
ET,ETB: Ethiopian Birr,2014-11,19.990235
ET,ETB: Ethiopian Birr,2014-12,20.064174
ET,ETB: Ethiopian Birr,2015-01,20.139585
ET,ETB: Ethiopian Birr,2015-02,20.2126
ET,ETB: Ethiopian Birr,2015-03,20.2914
ET,ETB: Ethiopian Birr,2015-04,20.3708
ET,ETB: Ethiopian Birr,2015-05,20.4453
ET,ETB: Ethiopian Birr,2015-06,20.5238
ET,ETB: Ethiopian Birr,2015-07,20.6118
ET,ETB: Ethiopian Birr,2015-08,20.6978
ET,ETB: Ethiopian Birr,2015-09,20.7799
ET,ETB: Ethiopian Birr,2015-10,20.8639
ET,ETB: Ethiopian Birr,2015-11,20.9498
ET,ETB: Ethiopian Birr,2015-12,21.0355
ET,ETB: Ethiopian Birr,2016-01,21.1176
ET,ETB: Ethiopian Birr,2016-02,21.1976
ET,ETB: Ethiopian Birr,2016-03,21.3025
ET,ETB: Ethiopian Birr,2016-04,21.4293
ET,ETB: Ethiopian Birr,2016-05,21.564167
ET,ETB: Ethiopian Birr,2016-06,21.7205
ET,ETB: Ethiopian Birr,2016-07,21.8453
ET,ETB: Ethiopian Birr,2016-08,21.9216
ET,ETB: Ethiopian Birr,2016-09,22.0116
ET,ETB: Ethiopian Birr,2016-10,22.1069
ET,ETB: Ethiopian Birr,2016-11,22.2168
ET,ETB: Ethiopian Birr,2016-12,22.3447
ET,ETB: Ethiopian Birr,2017-01,22.4721
ET,ETB: Ethiopian Birr,2017-02,22.5828
ET,ETB: Ethiopian Birr,2017-03,22.6948
ET,ETB: Ethiopian Birr,2017-04,22.8067
ET,ETB: Ethiopian Birr,2017-05,22.916065
ET,ETB: Ethiopian Birr,2017-06,23.044723
ET,ETB: Ethiopian Birr,2017-07,23.1539
ET,ETB: Ethiopian Birr,2017-08,23.2486
ET,ETB: Ethiopian Birr,2017-09,23.3438
ET,ETB: Ethiopian Birr,2017-10,25.8431
ET,ETB: Ethiopian Birr,2017-11,27.097866
ET,ETB: Ethiopian Birr,2017-12,27.1888
ET,ETB: Ethiopian Birr,2018-01,27.2145
ET,ETB: Ethiopian Birr,2018-02,27.2259
ET,ETB: Ethiopian Birr,2018-03,27.2345
ET,ETB: Ethiopian Birr,2018-04,27.2428
ET,ETB: Ethiopian Birr,2018-05,27.2484
ET,ETB: Ethiopian Birr,2018-06,27.2568
ET,ETB: Ethiopian Birr,2018-07,27.3186
ET,ETB: Ethiopian Birr,2018-08,27.4302
ET,ETB: Ethiopian Birr,2018-09,27.5398
ET,ETB: Ethiopian Birr,2018-10,27.665239
ET,ETB: Ethiopian Birr,2018-11,27.8117
ET,ETB: Ethiopian Birr,2018-12,27.9642
ET,ETB: Ethiopian Birr,2019-01,28.1238
ET,ETB: Ethiopian Birr,2019-02,28.2718
ET,ETB: Ethiopian Birr,2019-03,28.4133
ET,ETB: Ethiopian Birr,2019-04,28.5607
ET,ETB: Ethiopian Birr,2019-05,28.705
ET,ETB: Ethiopian Birr,2019-06,28.846
ET,ETB: Ethiopian Birr,2019-07,28.9732
ET,ETB: Ethiopian Birr,2019-08,29.0943
ET,ETB: Ethiopian Birr,2019-09,29.2167
ET,ETB: Ethiopian Birr,2019-10,29.356
ET,ETB: Ethiopian Birr,2019-11,29.8168
ET,ETB: Ethiopian Birr,2019-12,31.4594
ET,ETB: Ethiopian Birr,2020-01,31.9427
ET,ETB: Ethiopian Birr,2020-02,32.1731
ET,ETB: Ethiopian Birr,2020-03,32.528
ET,ETB: Ethiopian Birr,2020-04,33.1908
ET,ETB: Ethiopian Birr,2020-05,33.859967
ET,ETB: Ethiopian Birr,2020-06,34.501218
ET,ETB: Ethiopian Birr,2020-07,35.1278
ET,ETB: Ethiopian Birr,2020-08,35.6843
ET,ETB: Ethiopian Birr,2020-09,36.5192
ET,ETB: Ethiopian Birr,2020-10,37.1586
ET,ETB: Ethiopian Birr,2020-11,37.8053
ET,ETB: Ethiopian Birr,2020-12,38.635
ET,ETB: Ethiopian Birr,2021-01,39.328721
ET,ETB: Ethiopian Birr,2021-02,39.68547
ET,ETB: Ethiopian Birr,2021-03,40.665795
ET,ETB: Ethiopian Birr,2021-04,41.643686
ET,ETB: Ethiopian Birr,2021-05,42.544361
ET,ETB: Ethiopian Birr,2021-06,43.397043
ET,ETB: Ethiopian Birr,2021-07,44.0097
ET,ETB: Ethiopian Birr,2021-08,44.914314
ET,ETB: Ethiopian Birr,2021-09,45.8086
ET,ETB: Ethiopian Birr,2021-10,46.6841
ET,ETB: Ethiopian Birr,2021-11,47.56465
ET,ETB: Ethiopian Birr,2021-12,48.5589
ET,ETB: Ethiopian Birr,2022-01,49.509084
ET,ETB: Ethiopian Birr,2022-02,50.38922
ET,ETB: Ethiopian Birr,2022-03,50.8875
ET,ETB: Ethiopian Birr,2022-04,51.202
ET,ETB: Ethiopian Birr,2022-05,51.4876
ET,ETB: Ethiopian Birr,2022-06,51.7926
ET,ETB: Ethiopian Birr,2022-07,52.071876
ET,ETB: Ethiopian Birr,2022-08,52.3089
ET,ETB: Ethiopian Birr,2022-09,52.5297
ET,ETB: Ethiopian Birr,2022-10,52.7413
ET,ETB: Ethiopian Birr,2022-11,52.9601
ET,ETB: Ethiopian Birr,2022-12,53.1947
ET,ETB: Ethiopian Birr,2023-01,53.408119
ET,ETB: Ethiopian Birr,2023-02,53.6174
ET,ETB: Ethiopian Birr,2023-03,53.8283
ET,ETB: Ethiopian Birr,2023-04,54.0392
ET,ETB: Ethiopian Birr,2023-05,54.241
ET,ETB: Ethiopian Birr,2023-06,54.4559
ET,ETB: Ethiopian Birr,2023-07,54.682619
ET,ETB: Ethiopian Birr,2023-08,54.933
ET,ETB: Ethiopian Birr,2023-09,55.16195
ET,ETB: Ethiopian Birr,2023-10,55.372184
ET,ETB: Ethiopian Birr,2023-11,55.622905
ET,ETB: Ethiopian Birr,2023-12,55.8488
ET,ETB: Ethiopian Birr,2024-01,56.0949
ET,ETB: Ethiopian Birr,2024-02,56.3217
ET,ETB: Ethiopian Birr,2024-03,56.5468
ET,ETB: Ethiopian Birr,2024-04,56.775148
ET,ETB: Ethiopian Birr,2024-05,56.987365
ET,ETB: Ethiopian Birr,2024-06,57.200426
ET,ETB: Ethiopian Birr,2024-07,59.763166
ET,ETB: Ethiopian Birr,2024-08,105.923873
ET,ETB: Ethiopian Birr,2024-09,116.707729
ET,ETB: Ethiopian Birr,2024-10,120.7302
ET,ETB: Ethiopian Birr,2024-11,122.640943
ET,ETB: Ethiopian Birr,2024-12,125.523786
ET,ETB: Ethiopian Birr,2025-01,126.350023
ET,ETB: Ethiopian Birr,2025-02,126.60571
ET,ETB: Ethiopian Birr,2025-03,129.128369
ET,ETB: Ethiopian Birr,2025-04,130.707486
ET,ETB: Ethiopian Birr,2025-05,132.864915
ET,ETB: Ethiopian Birr,2025-06,134.717685
ET,ETB: Ethiopian Birr,2025-07,136.765913
ET,ETB: Ethiopian Birr,2025-08,140.393133
ET,ETB: Ethiopian Birr,2025-09,143.8161
GW,XOF: CFA franc,2013-01,493.647
GW,XOF: CFA franc,2013-02,491.022532
GW,XOF: CFA franc,2013-03,505.983491
GW,XOF: CFA franc,2013-04,503.578189
GW,XOF: CFA franc,2013-05,505.283677
GW,XOF: CFA franc,2013-06,497.351581
GW,XOF: CFA franc,2013-07,501.496177
GW,XOF: CFA franc,2013-08,492.830203
GW,XOF: CFA franc,2013-09,491.42718
GW,XOF: CFA franc,2013-10,481.078864
GW,XOF: CFA franc,2013-11,486.129733
GW,XOF: CFA franc,2013-12,478.651823
GW,XOF: CFA franc,2014-01,481.966936
GW,XOF: CFA franc,2014-02,480.237938
GW,XOF: CFA franc,2014-03,474.540259
GW,XOF: CFA franc,2014-04,474.883805
GW,XOF: CFA franc,2014-05,477.684969
GW,XOF: CFA franc,2014-06,482.605209
GW,XOF: CFA franc,2014-07,484.494424
GW,XOF: CFA franc,2014-08,492.608141
GW,XOF: CFA franc,2014-09,508.454383
GW,XOF: CFA franc,2014-10,517.601988
GW,XOF: CFA franc,2014-11,525.943714
GW,XOF: CFA franc,2014-12,531.957668
GW,XOF: CFA franc,2015-01,564.690146
GW,XOF: CFA franc,2015-02,578.267881
GW,XOF: CFA franc,2015-03,606.471731
GW,XOF: CFA franc,2015-04,608.657894
GW,XOF: CFA franc,2015-05,588.438138
GW,XOF: CFA franc,2015-06,585.028651
GW,XOF: CFA franc,2015-07,596.587606
GW,XOF: CFA franc,2015-08,589.035095
GW,XOF: CFA franc,2015-09,584.593584
GW,XOF: CFA franc,2015-10,583.946406
GW,XOF: CFA franc,2015-11,611.074645
GW,XOF: CFA franc,2015-12,603.120439
GW,XOF: CFA franc,2016-01,604.044716
GW,XOF: CFA franc,2016-02,591.410804
GW,XOF: CFA franc,2016-03,591.09299
GW,XOF: CFA franc,2016-04,578.498043
GW,XOF: CFA franc,2016-05,579.999798
GW,XOF: CFA franc,2016-06,584.225343
GW,XOF: CFA franc,2016-07,592.646373
GW,XOF: CFA franc,2016-08,585.090919
GW,XOF: CFA franc,2016-09,585.052315
GW,XOF: CFA franc,2016-10,594.976482
GW,XOF: CFA franc,2016-11,607.630247
GW,XOF: CFA franc,2016-12,622.264732
GW,XOF: CFA franc,2017-01,618.046944
GW,XOF: CFA franc,2017-02,616.378869
GW,XOF: CFA franc,2017-03,613.986527
GW,XOF: CFA franc,2017-04,611.813009
GW,XOF: CFA franc,2017-05,593.3165
GW,XOF: CFA franc,2017-06,584.165892
GW,XOF: CFA franc,2017-07,569.921251
GW,XOF: CFA franc,2017-08,555.602202
GW,XOF: CFA franc,2017-09,550.575096
GW,XOF: CFA franc,2017-10,558.000289
GW,XOF: CFA franc,2017-11,558.881449
GW,XOF: CFA franc,2017-12,554.210268
TH,THB: Baht,2013-01,30.047955
TH,THB: Baht,2013-02,29.821937
TH,THB: Baht,2013-03,29.515601
TH,THB: Baht,2013-04,29.063309
TH,THB: Baht,2013-05,29.786123
TH,THB: Baht,2013-06,30.832274
TH,THB: Baht,2013-07,31.126862
TH,THB: Baht,2013-08,31.610194
TH,THB: Baht,2013-09,31.704039
TH,THB: Baht,2013-10,31.206377
TH,THB: Baht,2013-11,31.642019
TH,THB: Baht,2013-12,32.343635
TH,THB: Baht,2014-01,32.932593
TH,THB: Baht,2014-02,32.630768
TH,THB: Baht,2014-03,32.38573
TH,THB: Baht,2014-04,32.330879
TH,THB: Baht,2014-05,32.542215
TH,THB: Baht,2014-06,32.514078
TH,THB: Baht,2014-07,32.10596
TH,THB: Baht,2014-08,32.024104
TH,THB: Baht,2014-09,32.196199
TH,THB: Baht,2014-10,32.462762
TH,THB: Baht,2014-11,32.799419
TH,THB: Baht,2014-12,32.89504
TH,THB: Baht,2015-01,32.744084
TH,THB: Baht,2015-02,32.56722
TH,THB: Baht,2015-03,32.625487
TH,THB: Baht,2015-04,32.535328
TH,THB: Baht,2015-05,33.552597
TH,THB: Baht,2015-06,33.726155
TH,THB: Baht,2015-07,34.341952
TH,THB: Baht,2015-08,35.426692
TH,THB: Baht,2015-09,36.02745
TH,THB: Baht,2015-10,35.685982
TH,THB: Baht,2015-11,35.798156
TH,THB: Baht,2015-12,36.002918
TH,THB: Baht,2016-01,36.14184
TH,THB: Baht,2016-02,35.615903
TH,THB: Baht,2016-03,35.218325
TH,THB: Baht,2016-04,35.08174
TH,THB: Baht,2016-05,35.422834
TH,THB: Baht,2016-06,35.287754
TH,THB: Baht,2016-07,35.048834
TH,THB: Baht,2016-08,34.710296
TH,THB: Baht,2016-09,34.725388
TH,THB: Baht,2016-10,35.068687
TH,THB: Baht,2016-11,35.337054
TH,THB: Baht,2016-12,35.789088
TH,THB: Baht,2017-01,35.46784
TH,THB: Baht,2017-02,35.00831
TH,THB: Baht,2017-03,34.87477
TH,THB: Baht,2017-04,34.475182
TH,THB: Baht,2017-05,34.460943
TH,THB: Baht,2017-06,34.000804
TH,THB: Baht,2017-07,33.739341
TH,THB: Baht,2017-08,33.258319
TH,THB: Baht,2017-09,33.150529
TH,THB: Baht,2017-10,33.233998
TH,THB: Baht,2017-11,32.906177
TH,THB: Baht,2017-12,32.644751
TH,THB: Baht,2018-01,31.901343
TH,THB: Baht,2018-02,31.494448
TH,THB: Baht,2018-03,31.274496
TH,THB: Baht,2018-04,31.3227
TH,THB: Baht,2018-05,31.985952
TH,THB: Baht,2018-06,32.481638
TH,THB: Baht,2018-07,33.283188
TH,THB: Baht,2018-08,33.031264
TH,THB: Baht,2018-09,32.605685
TH,THB: Baht,2018-10,32.787828
TH,THB: Baht,2018-11,32.964208
TH,THB: Baht,2018-12,32.710925
TH,THB: Baht,2019-01,31.812373
TH,THB: Baht,2019-02,31.302547
TH,THB: Baht,2019-03,31.735311
TH,THB: Baht,2019-04,31.856181
TH,THB: Baht,2019-05,31.803184
TH,THB: Baht,2019-06,31.115504
TH,THB: Baht,2019-07,30.798216
TH,THB: Baht,2019-08,30.754369
TH,THB: Baht,2019-09,30.57018
TH,THB: Baht,2019-10,30.363247
TH,THB: Baht,2019-11,30.243686
TH,THB: Baht,2019-12,30.199511
TH,THB: Baht,2020-01,30.463755
TH,THB: Baht,2020-02,31.328713
TH,THB: Baht,2020-03,32.095682
TH,THB: Baht,2020-04,32.632618
TH,THB: Baht,2020-05,32.062482
TH,THB: Baht,2020-06,31.167275
TH,THB: Baht,2020-07,31.414644
TH,THB: Baht,2020-08,31.20627
TH,THB: Baht,2020-09,31.374799
TH,THB: Baht,2020-10,31.248496
TH,THB: Baht,2020-11,30.446672
TH,THB: Baht,2020-12,30.082975
TH,THB: Baht,2021-01,30.012458
TH,THB: Baht,2021-02,30.01095
TH,THB: Baht,2021-03,30.78793
TH,THB: Baht,2021-04,31.347629
TH,THB: Baht,2021-05,31.279059
TH,THB: Baht,2021-06,31.440847
TH,THB: Baht,2021-07,32.640018
TH,THB: Baht,2021-08,33.092937
TH,THB: Baht,2021-09,33.067945
TH,THB: Baht,2021-10,33.455183
TH,THB: Baht,2021-11,33.093675
TH,THB: Baht,2021-12,33.555844
TH,THB: Baht,2022-01,33.238098
TH,THB: Baht,2022-02,32.634954
TH,THB: Baht,2022-03,33.259572
TH,THB: Baht,2022-04,33.796304
TH,THB: Baht,2022-05,34.403281
TH,THB: Baht,2022-06,34.953753
TH,THB: Baht,2022-07,36.379669
TH,THB: Baht,2022-08,35.848864
TH,THB: Baht,2022-09,37.035271
TH,THB: Baht,2022-10,37.948508
TH,THB: Baht,2022-11,36.371691
TH,THB: Baht,2022-12,34.770434
TH,THB: Baht,2023-01,33.285955
TH,THB: Baht,2023-02,34.057674
TH,THB: Baht,2023-03,34.480682
TH,THB: Baht,2023-04,34.235704
TH,THB: Baht,2023-05,34.202341
TH,THB: Baht,2023-06,34.91772
TH,THB: Baht,2023-07,34.586652
TH,THB: Baht,2023-08,35.013468
TH,THB: Baht,2023-09,35.852397
TH,THB: Baht,2023-10,36.49645
TH,THB: Baht,2023-11,35.465225
TH,THB: Baht,2023-12,35.017593
TH,THB: Baht,2024-01,35.214576
TH,THB: Baht,2024-02,35.860019
TH,THB: Baht,2024-03,35.944987
TH,THB: Baht,2024-04,36.778598
TH,THB: Baht,2024-05,36.632012
TH,THB: Baht,2024-06,36.706423
TH,THB: Baht,2024-07,36.263678
TH,THB: Baht,2024-08,34.751126
TH,THB: Baht,2024-09,33.328834
TH,THB: Baht,2024-10,33.393439
TH,THB: Baht,2024-11,34.430952
TH,THB: Baht,2024-12,34.158952
TH,THB: Baht,2025-01,34.23549
TH,THB: Baht,2025-02,33.795239
TH,THB: Baht,2025-03,33.796075
TH,THB: Baht,2025-04,33.789501
TH,THB: Baht,2025-05,32.93585
TH,THB: Baht,2025-06,32.618798
TH,THB: Baht,2025-07,32.442901
TH,THB: Baht,2025-08,32.460212
TH,THB: Baht,2025-09,32.00528
TH,THB: Baht,2025-10,32.575157
TH,THB: Baht,2025-11,32.383314
TH,THB: Baht,2025-12,31.609535
TH,THB: Baht,2026-01,31.295845
ID,IDR: Rupiah,2013-01,9661.234658
ID,IDR: Rupiah,2013-02,9681.692915
ID,IDR: Rupiah,2013-03,9712.363041
ID,IDR: Rupiah,2013-04,9722.576615
ID,IDR: Rupiah,2013-05,9762.161335
ID,IDR: Rupiah,2013-06,9882.12874
ID,IDR: Rupiah,2013-07,10082.096857
ID,IDR: Rupiah,2013-08,10645.121065
ID,IDR: Rupiah,2013-09,11293.601266
ID,IDR: Rupiah,2013-10,11081.838931
ID,IDR: Rupiah,2013-11,11542.728668
ID,IDR: Rupiah,2013-12,12007.896673
ID,IDR: Rupiah,2014-01,12102.707301
ID,IDR: Rupiah,2014-02,11913.432949
ID,IDR: Rupiah,2014-03,11420.644633
ID,IDR: Rupiah,2014-04,11439.890687
ID,IDR: Rupiah,2014-05,11527.934784
ID,IDR: Rupiah,2014-06,11894.713371
ID,IDR: Rupiah,2014-07,11661.65202
ID,IDR: Rupiah,2014-08,11717.384155
ID,IDR: Rupiah,2014-09,11909.158627
ID,IDR: Rupiah,2014-10,12144.177216
ID,IDR: Rupiah,2014-11,12168.812002
ID,IDR: Rupiah,2014-12,12448.457341
ID,IDR: Rupiah,2015-01,12577.718329
ID,IDR: Rupiah,2015-02,12779.777919
ID,IDR: Rupiah,2015-03,13059.713672
ID,IDR: Rupiah,2015-04,12941.921488
ID,IDR: Rupiah,2015-05,13140.341708
ID,IDR: Rupiah,2015-06,13305.018946
ID,IDR: Rupiah,2015-07,13387.496747
ID,IDR: Rupiah,2015-08,13796.084329
ID,IDR: Rupiah,2015-09,14415.507429
ID,IDR: Rupiah,2015-10,13781.487731
ID,IDR: Rupiah,2015-11,13679.976052
ID,IDR: Rupiah,2015-12,13870.495775
ID,IDR: Rupiah,2016-01,13876.805831
ID,IDR: Rupiah,2016-02,13509.029445
ID,IDR: Rupiah,2016-03,13180.31672
ID,IDR: Rupiah,2016-04,13168.765131
ID,IDR: Rupiah,2016-05,13429.997964
ID,IDR: Rupiah,2016-06,13331.162649
ID,IDR: Rupiah,2016-07,13119.166314
ID,IDR: Rupiah,2016-08,13162.231247
ID,IDR: Rupiah,2016-09,13108.745554
ID,IDR: Rupiah,2016-10,13024.818815
ID,IDR: Rupiah,2016-11,13336.151851
ID,IDR: Rupiah,2016-12,13408.157954
ID,IDR: Rupiah,2017-01,13360.660718
ID,IDR: Rupiah,2017-02,13330.103048
ID,IDR: Rupiah,2017-03,13342.194501
ID,IDR: Rupiah,2017-04,13304.468824
ID,IDR: Rupiah,2017-05,13321.924569
ID,IDR: Rupiah,2017-06,13304.348591
ID,IDR: Rupiah,2017-07,13347.209383
ID,IDR: Rupiah,2017-08,13342.494454
ID,IDR: Rupiah,2017-09,13305.576176
ID,IDR: Rupiah,2017-10,13529.068445
ID,IDR: Rupiah,2017-11,13525.107125
ID,IDR: Rupiah,2017-12,13559.118743
ID,IDR: Rupiah,2018-01,13375.471706
ID,IDR: Rupiah,2018-02,13601.083821
ID,IDR: Rupiah,2018-03,13758.855
ID,IDR: Rupiah,2018-04,13814.746362
ID,IDR: Rupiah,2018-05,14048.74362
ID,IDR: Rupiah,2018-06,14038.132761
ID,IDR: Rupiah,2018-07,14407.848955
ID,IDR: Rupiah,2018-08,14566.43941
ID,IDR: Rupiah,2018-09,14871.692535
ID,IDR: Rupiah,2018-10,15176.716431
ID,IDR: Rupiah,2018-11,14649.432944
ID,IDR: Rupiah,2018-12,14504.478897
ID,IDR: Rupiah,2019-01,14159.530333
ID,IDR: Rupiah,2019-02,14039.493185
ID,IDR: Rupiah,2019-03,14209.025043
ID,IDR: Rupiah,2019-04,14147.575701
ID,IDR: Rupiah,2019-05,14390.784733
ID,IDR: Rupiah,2019-06,14221.194117
ID,IDR: Rupiah,2019-07,14035.226772
ID,IDR: Rupiah,2019-08,14235.287734
ID,IDR: Rupiah,2019-09,14096.88483
ID,IDR: Rupiah,2019-10,14118.743665
ID,IDR: Rupiah,2019-11,14068.296093
ID,IDR: Rupiah,2019-12,14009.235488
ID,IDR: Rupiah,2020-01,13725.361768
ID,IDR: Rupiah,2020-02,13785.029703
ID,IDR: Rupiah,2020-03,15244.035904
ID,IDR: Rupiah,2020-04,15815.61597
ID,IDR: Rupiah,2020-05,14859.125889
ID,IDR: Rupiah,2020-06,14205.574256
ID,IDR: Rupiah,2020-07,14531.494955
ID,IDR: Rupiah,2020-08,14712.932682
ID,IDR: Rupiah,2020-09,14833.5746
ID,IDR: Rupiah,2020-10,14733.009224
ID,IDR: Rupiah,2020-11,14212.904675
ID,IDR: Rupiah,2020-12,14155.578434
ID,IDR: Rupiah,2021-01,14060.124465
ID,IDR: Rupiah,2021-02,14054.04063
ID,IDR: Rupiah,2021-03,14400.899814
ID,IDR: Rupiah,2021-04,14537.55976
ID,IDR: Rupiah,2021-05,14320.323226
ID,IDR: Rupiah,2021-06,14357.985572
ID,IDR: Rupiah,2021-07,14505.682014
ID,IDR: Rupiah,2021-08,14379.398907
ID,IDR: Rupiah,2021-09,14257.493034
ID,IDR: Rupiah,2021-10,14179.304927
ID,IDR: Rupiah,2021-11,14279.055918
ID,IDR: Rupiah,2021-12,14317.542565
ID,IDR: Rupiah,2022-01,14342.082089
ID,IDR: Rupiah,2022-02,14346.64246
ID,IDR: Rupiah,2022-03,14340.852026
ID,IDR: Rupiah,2022-04,14389.188229
ID,IDR: Rupiah,2022-05,14579.311974
ID,IDR: Rupiah,2022-06,14701.498332
ID,IDR: Rupiah,2022-07,14990.112544
ID,IDR: Rupiah,2022-08,14833.861186
ID,IDR: Rupiah,2022-09,14993.569049
ID,IDR: Rupiah,2022-10,15441.781269
ID,IDR: Rupiah,2022-11,15660.230958
ID,IDR: Rupiah,2022-12,15585.493742
ID,IDR: Rupiah,2023-01,15256.60288
ID,IDR: Rupiah,2023-02,15150.287405
ID,IDR: Rupiah,2023-03,15287.42356
ID,IDR: Rupiah,2023-04,14874.096882
ID,IDR: Rupiah,2023-05,14831.380756
ID,IDR: Rupiah,2023-06,14939.639441
ID,IDR: Rupiah,2023-07,15048.236277
ID,IDR: Rupiah,2023-08,15253.271088
ID,IDR: Rupiah,2023-09,15373.951408
ID,IDR: Rupiah,2023-10,15759.848385
ID,IDR: Rupiah,2023-11,15594.59803
ID,IDR: Rupiah,2023-12,15510.191074
ID,IDR: Rupiah,2024-01,15634.632719
ID,IDR: Rupiah,2024-02,15654.528892
ID,IDR: Rupiah,2024-03,15695.144828
ID,IDR: Rupiah,2024-04,16088.909516
ID,IDR: Rupiah,2024-05,16070.473998
ID,IDR: Rupiah,2024-06,16355.060924
ID,IDR: Rupiah,2024-07,16251.83934
ID,IDR: Rupiah,2024-08,15755.654008
ID,IDR: Rupiah,2024-09,15325.898509
ID,IDR: Rupiah,2024-10,15579.97169
ID,IDR: Rupiah,2024-11,15820.990648
ID,IDR: Rupiah,2024-12,16043.654478
ID,IDR: Rupiah,2025-01,16257.719936
ID,IDR: Rupiah,2025-02,16346.254017
ID,IDR: Rupiah,2025-03,16471.795852
ID,IDR: Rupiah,2025-04,16828.893574
ID,IDR: Rupiah,2025-05,16427.943664
ID,IDR: Rupiah,2025-06,16304.709697
ID,IDR: Rupiah,2025-07,16297.380629
ID,IDR: Rupiah,2025-08,16307.869653
ID,IDR: Rupiah,2025-09,16535.289469
ID,IDR: Rupiah,2025-10,16603.718117
ID,IDR: Rupiah,2025-11,16698.566352
ID,IDR: Rupiah,2025-12,16695.131937
ID,IDR: Rupiah,2026-01,16831.743186
US,USD: US dollar,2013-01,1.0
US,USD: US dollar,2013-02,1.0
US,USD: US dollar,2013-03,1.0
US,USD: US dollar,2013-04,1.0
US,USD: US dollar,2013-05,1.0
US,USD: US dollar,2013-06,1.0
US,USD: US dollar,2013-07,1.0
US,USD: US dollar,2013-08,1.0
US,USD: US dollar,2013-09,1.0
US,USD: US dollar,2013-10,1.0
US,USD: US dollar,2013-11,1.0
US,USD: US dollar,2013-12,1.0
US,USD: US dollar,2014-01,1.0
US,USD: US dollar,2014-02,1.0
US,USD: US dollar,2014-03,1.0
US,USD: US dollar,2014-04,1.0
US,USD: US dollar,2014-05,1.0
US,USD: US dollar,2014-06,1.0
US,USD: US dollar,2014-07,1.0
US,USD: US dollar,2014-08,1.0
US,USD: US dollar,2014-09,1.0
US,USD: US dollar,2014-10,1.0
US,USD: US dollar,2014-11,1.0
US,USD: US dollar,2014-12,1.0
US,USD: US dollar,2015-01,1.0
US,USD: US dollar,2015-02,1.0
US,USD: US dollar,2015-03,1.0
US,USD: US dollar,2015-04,1.0
US,USD: US dollar,2015-05,1.0
US,USD: US dollar,2015-06,1.0
US,USD: US dollar,2015-07,1.0
US,USD: US dollar,2015-08,1.0
US,USD: US dollar,2015-09,1.0
US,USD: US dollar,2015-10,1.0
US,USD: US dollar,2015-11,1.0
US,USD: US dollar,2015-12,1.0
US,USD: US dollar,2016-01,1.0
US,USD: US dollar,2016-02,1.0
US,USD: US dollar,2016-03,1.0
US,USD: US dollar,2016-04,1.0
US,USD: US dollar,2016-05,1.0
US,USD: US dollar,2016-06,1.0
US,USD: US dollar,2016-07,1.0
US,USD: US dollar,2016-08,1.0
US,USD: US dollar,2016-09,1.0
US,USD: US dollar,2016-10,1.0
US,USD: US dollar,2016-11,1.0
US,USD: US dollar,2016-12,1.0
US,USD: US dollar,2017-01,1.0
US,USD: US dollar,2017-02,1.0
US,USD: US dollar,2017-03,1.0
US,USD: US dollar,2017-04,1.0
US,USD: US dollar,2017-05,1.0
US,USD: US dollar,2017-06,1.0
US,USD: US dollar,2017-07,1.0
US,USD: US dollar,2017-08,1.0
US,USD: US dollar,2017-09,1.0
US,USD: US dollar,2017-10,1.0
US,USD: US dollar,2017-11,1.0
US,USD: US dollar,2017-12,1.0
US,USD: US dollar,2018-01,1.0
US,USD: US dollar,2018-02,1.0
US,USD: US dollar,2018-03,1.0
US,USD: US dollar,2018-04,1.0
US,USD: US dollar,2018-05,1.0
US,USD: US dollar,2018-06,1.0
US,USD: US dollar,2018-07,1.0
US,USD: US dollar,2018-08,1.0
US,USD: US dollar,2018-09,1.0
US,USD: US dollar,2018-10,1.0
US,USD: US dollar,2018-11,1.0
US,USD: US dollar,2018-12,1.0
US,USD: US dollar,2019-01,1.0
US,USD: US dollar,2019-02,1.0
US,USD: US dollar,2019-03,1.0
US,USD: US dollar,2019-04,1.0
US,USD: US dollar,2019-05,1.0
US,USD: US dollar,2019-06,1.0
US,USD: US dollar,2019-07,1.0
US,USD: US dollar,2019-08,1.0
US,USD: US dollar,2019-09,1.0
US,USD: US dollar,2019-10,1.0
US,USD: US dollar,2019-11,1.0
US,USD: US dollar,2019-12,1.0
US,USD: US dollar,2020-01,1.0
US,USD: US dollar,2020-02,1.0
US,USD: US dollar,2020-03,1.0
US,USD: US dollar,2020-04,1.0
US,USD: US dollar,2020-05,1.0
US,USD: US dollar,2020-06,1.0
US,USD: US dollar,2020-07,1.0
US,USD: US dollar,2020-08,1.0
US,USD: US dollar,2020-09,1.0
US,USD: US dollar,2020-10,1.0
US,USD: US dollar,2020-11,1.0
US,USD: US dollar,2020-12,1.0
US,USD: US dollar,2021-01,1.0
US,USD: US dollar,2021-02,1.0
US,USD: US dollar,2021-03,1.0
US,USD: US dollar,2021-04,1.0
US,USD: US dollar,2021-05,1.0
US,USD: US dollar,2021-06,1.0
US,USD: US dollar,2021-07,1.0
US,USD: US dollar,2021-08,1.0
US,USD: US dollar,2021-09,1.0
US,USD: US dollar,2021-10,1.0
US,USD: US dollar,2021-11,1.0
US,USD: US dollar,2021-12,1.0
US,USD: US dollar,2022-01,1.0
US,USD: US dollar,2022-02,1.0
US,USD: US dollar,2022-03,1.0
US,USD: US dollar,2022-04,1.0
US,USD: US dollar,2022-05,1.0
US,USD: US dollar,2022-06,1.0
US,USD: US dollar,2022-07,1.0
US,USD: US dollar,2022-08,1.0
US,USD: US dollar,2022-09,1.0
US,USD: US dollar,2022-10,1.0
US,USD: US dollar,2022-11,1.0
US,USD: US dollar,2022-12,1.0
US,USD: US dollar,2023-01,1.0
US,USD: US dollar,2023-02,1.0
US,USD: US dollar,2023-03,1.0
US,USD: US dollar,2023-04,1.0
US,USD: US dollar,2023-05,1.0
US,USD: US dollar,2023-06,1.0
US,USD: US dollar,2023-07,1.0
US,USD: US dollar,2023-08,1.0
US,USD: US dollar,2023-09,1.0
US,USD: US dollar,2023-10,1.0
US,USD: US dollar,2023-11,1.0
US,USD: US dollar,2023-12,1.0
US,USD: US dollar,2024-01,1.0
US,USD: US dollar,2024-02,1.0
US,USD: US dollar,2024-03,1.0
US,USD: US dollar,2024-04,1.0
US,USD: US dollar,2024-05,1.0
US,USD: US dollar,2024-06,1.0
US,USD: US dollar,2024-07,1.0
US,USD: US dollar,2024-08,1.0
US,USD: US dollar,2024-09,1.0
US,USD: US dollar,2024-10,1.0
US,USD: US dollar,2024-11,1.0
US,USD: US dollar,2024-12,1.0
US,USD: US dollar,2025-01,1.0
US,USD: US dollar,2025-02,1.0
US,USD: US dollar,2025-03,1.0
US,USD: US dollar,2025-04,1.0
US,USD: US dollar,2025-05,1.0
US,USD: US dollar,2025-06,1.0
US,USD: US dollar,2025-07,1.0
US,USD: US dollar,2025-08,1.0
US,USD: US dollar,2025-09,1.0
US,USD: US dollar,2025-10,1.0
US,USD: US dollar,2025-11,1.0
US,USD: US dollar,2025-12,1.0
US,USD: US dollar,2026-01,1.0
NG,NGN: Naira,2013-01,157.3
NG,NGN: Naira,2013-02,157.3
NG,NGN: Naira,2013-03,157.31
NG,NGN: Naira,2013-04,157.31
NG,NGN: Naira,2013-05,157.3
NG,NGN: Naira,2013-06,157.31
NG,NGN: Naira,2013-07,157.32
NG,NGN: Naira,2013-08,157.31
NG,NGN: Naira,2013-09,157.32
NG,NGN: Naira,2013-10,157.42
NG,NGN: Naira,2013-11,157.27
NG,NGN: Naira,2013-12,157.27
NG,NGN: Naira,2014-01,157.2916
NG,NGN: Naira,2014-02,157.3075
NG,NGN: Naira,2014-03,157.3008
NG,NGN: Naira,2014-04,157.2918
NG,NGN: Naira,2014-05,157.2873
NG,NGN: Naira,2014-06,157.2873
NG,NGN: Naira,2014-07,157.2873
NG,NGN: Naira,2014-08,157.2873
NG,NGN: Naira,2014-09,157.3006
NG,NGN: Naira,2014-10,157.3141
NG,NGN: Naira,2014-11,159.9961
NG,NGN: Naira,2014-12,169.68
NG,NGN: Naira,2015-01,169.68
NG,NGN: Naira,2015-02,169.68
NG,NGN: Naira,2015-03,197.0727
NG,NGN: Naira,2015-04,197.0
NG,NGN: Naira,2015-05,197.0
NG,NGN: Naira,2015-06,196.9159
NG,NGN: Naira,2015-07,196.9714
NG,NGN: Naira,2015-08,197.0
NG,NGN: Naira,2015-09,196.9975
NG,NGN: Naira,2015-10,196.9886
NG,NGN: Naira,2015-11,196.9914
NG,NGN: Naira,2015-12,196.9865
NG,NGN: Naira,2016-01,197.0
NG,NGN: Naira,2016-02,197.0
NG,NGN: Naira,2016-03,197.0
NG,NGN: Naira,2016-04,197.0
NG,NGN: Naira,2016-05,197.0
NG,NGN: Naira,2016-06,231.7614
NG,NGN: Naira,2016-07,294.5722
NG,NGN: Naira,2016-08,309.7304
NG,NGN: Naira,2016-09,305.23
NG,NGN: Naira,2016-10,305.21
NG,NGN: Naira,2016-11,305.18
NG,NGN: Naira,2016-12,305.22
NG,NGN: Naira,2017-01,305.202381
NG,NGN: Naira,2017-02,305.3125
NG,NGN: Naira,2017-03,306.402174
NG,NGN: Naira,2017-04,306.052778
NG,NGN: Naira,2017-05,305.538095
NG,NGN: Naira,2017-06,305.715
NG,NGN: Naira,2017-07,305.861905
NG,NGN: Naira,2017-08,305.667391
NG,NGN: Naira,2017-09,305.886842
NG,NGN: Naira,2017-10,305.62381
NG,NGN: Naira,2017-11,305.904545
NG,NGN: Naira,2017-12,306.313889
NG,NGN: Naira,2018-01,305.777273
NG,NGN: Naira,2018-02,305.895
NG,NGN: Naira,2018-03,305.742857
NG,NGN: Naira,2018-04,305.61
NG,NGN: Naira,2018-05,305.82619
NG,NGN: Naira,2018-06,305.871053
NG,NGN: Naira,2018-07,305.814286
NG,NGN: Naira,2018-08,306.057143
NG,NGN: Naira,2018-09,306.2725
NG,NGN: Naira,2018-10,306.505
NG,NGN: Naira,2018-11,306.711905
NG,NGN: Naira,2018-12,306.921053
NG,NGN: Naira,2019-01,306.845455
NG,NGN: Naira,2019-02,306.768182
NG,NGN: Naira,2019-03,306.92381
NG,NGN: Naira,2019-04,306.9625
NG,NGN: Naira,2019-05,306.95
NG,NGN: Naira,2019-06,306.947059
NG,NGN: Naira,2019-07,306.936957
NG,NGN: Naira,2019-08,306.9325
NG,NGN: Naira,2019-09,306.919048
NG,NGN: Naira,2019-10,306.963636
NG,NGN: Naira,2019-11,306.952273
NG,NGN: Naira,2019-12,306.95
NG,NGN: Naira,2020-01,306.959091
NG,NGN: Naira,2020-02,306.955
NG,NGN: Naira,2020-03,326.625
NG,NGN: Naira,2020-04,361.0
NG,NGN: Naira,2020-05,361.0
NG,NGN: Naira,2020-06,361.0
NG,NGN: Naira,2020-07,377.190476
NG,NGN: Naira,2020-08,381.0
NG,NGN: Naira,2020-09,381.0
NG,NGN: Naira,2020-10,381.0
NG,NGN: Naira,2020-11,381.0
NG,NGN: Naira,2020-12,381.0
NG,NGN: Naira,2021-01,381.0
NG,NGN: Naira,2021-02,381.0
NG,NGN: Naira,2021-03,381.0
NG,NGN: Naira,2021-04,381.0
NG,NGN: Naira,2021-05,410.0
NG,NGN: Naira,2021-06,410.15
NG,NGN: Naira,2021-07,410.1
NG,NGN: Naira,2021-08,411.0
NG,NGN: Naira,2021-09,411.0
NG,NGN: Naira,2021-10,411.5
NG,NGN: Naira,2021-11,411.738636
NG,NGN: Naira,2021-12,414.335714
NG,NGN: Naira,2022-01,415.96
NG,NGN: Naira,2022-02,416.95
NG,NGN: Naira,2022-03,415.721739
NG,NGN: Naira,2022-04,415.526316
NG,NGN: Naira,2022-05,415.95
NG,NGN: Naira,2022-06,415.614286
NG,NGN: Naira,2022-07,417.260526
NG,NGN: Naira,2022-08,426.06087
NG,NGN: Naira,2022-09,435.570455
NG,NGN: Naira,2022-10,440.846842
NG,NGN: Naira,2022-11,445.581364
NG,NGN: Naira,2022-12,450.7075
NG,NGN: Naira,2023-01,460.992857
NG,NGN: Naira,2023-02,460.835
NG,NGN: Naira,2023-03,460.973478
NG,NGN: Naira,2023-04,460.95625
NG,NGN: Naira,2023-05,462.009524
NG,NGN: Naira,2023-06,610.707222
NG,NGN: Naira,2023-07,770.316571
NG,NGN: Naira,2023-08,762.120087
NG,NGN: Naira,2023-09,762.01855
NG,NGN: Naira,2023-10,796.937571
NG,NGN: Naira,2023-11,835.396545
NG,NGN: Naira,2023-12,899.065158
NG,NGN: Naira,2024-01,944.083605
NG,NGN: Naira,2024-02,1505.302762
NG,NGN: Naira,2024-03,1511.34305
NG,NGN: Naira,2024-04,1237.057722
NG,NGN: Naira,2024-05,1436.067682
NG,NGN: Naira,2024-06,1482.266235
NG,NGN: Naira,2024-07,1560.224652
NG,NGN: Naira,2024-08,1587.394364
NG,NGN: Naira,2024-09,1618.21775
NG,NGN: Naira,2024-10,1641.118864
NG,NGN: Naira,2024-11,1670.776429
NG,NGN: Naira,2024-12,1553.729255
NG,NGN: Naira,2025-01,1535.946177
NG,NGN: Naira,2025-02,1500.92158
NG,NGN: Naira,2025-03,1526.36942
NG,NGN: Naira,2025-04,1595.0509
NG,NGN: Naira,2025-05,1595.20454
NG,NGN: Naira,2025-06,1549.794261
NG,NGN: Naira,2025-07,1530.301286
NG,NGN: Naira,2025-08,1534.783586
NG,NGN: Naira,2025-09,1497.789619
NG,NGN: Naira,2025-10,1459.586059
NG,NGN: Naira,2025-11,1443.85004
ML,XOF: CFA franc,2013-01,493.644458
ML,XOF: CFA franc,2013-02,491.020694
ML,XOF: CFA franc,2013-03,505.999105
ML,XOF: CFA franc,2013-04,503.575157
ML,XOF: CFA franc,2013-05,505.28016
ML,XOF: CFA franc,2013-06,497.361008
ML,XOF: CFA franc,2013-07,501.491176
ML,XOF: CFA franc,2013-08,492.848717
ML,XOF: CFA franc,2013-09,491.430686
ML,XOF: CFA franc,2013-10,481.084776
ML,XOF: CFA franc,2013-11,486.149581
ML,XOF: CFA franc,2013-12,478.674947
ML,XOF: CFA franc,2014-01,481.958888
ML,XOF: CFA franc,2014-02,480.255519
ML,XOF: CFA franc,2014-03,474.556607
ML,XOF: CFA franc,2014-04,474.900995
ML,XOF: CFA franc,2014-05,477.68
ML,XOF: CFA franc,2014-06,482.591683
ML,XOF: CFA franc,2014-07,484.4882
ML,XOF: CFA franc,2014-08,492.604617
ML,XOF: CFA franc,2014-09,508.440052
ML,XOF: CFA franc,2014-10,517.612643
ML,XOF: CFA franc,2014-11,525.93528
ML,XOF: CFA franc,2014-12,531.943288
ML,XOF: CFA franc,2015-01,564.442118
ML,XOF: CFA franc,2015-02,577.953505
ML,XOF: CFA franc,2015-03,605.25582
ML,XOF: CFA franc,2015-04,608.533949
ML,XOF: CFA franc,2015-05,588.325986
ML,XOF: CFA franc,2015-06,584.985022
ML,XOF: CFA franc,2015-07,596.553264
ML,XOF: CFA franc,2015-08,588.880686
ML,XOF: CFA franc,2015-09,584.570334
ML,XOF: CFA franc,2015-10,583.846633
ML,XOF: CFA franc,2015-11,610.988264
ML,XOF: CFA franc,2015-12,603.057861
ML,XOF: CFA franc,2016-01,604.031437
ML,XOF: CFA franc,2016-02,591.327698
ML,XOF: CFA franc,2016-03,590.969999
ML,XOF: CFA franc,2016-04,578.486622
ML,XOF: CFA franc,2016-05,579.923727
ML,XOF: CFA franc,2016-06,584.168056
ML,XOF: CFA franc,2016-07,592.632777
ML,XOF: CFA franc,2016-08,585.062667
ML,XOF: CFA franc,2016-09,585.044311
ML,XOF: CFA franc,2016-10,594.915805
ML,XOF: CFA franc,2016-11,607.426392
ML,XOF: CFA franc,2016-12,622.178626
ML,XOF: CFA franc,2017-01,617.987299
ML,XOF: CFA franc,2017-02,616.347432
ML,XOF: CFA franc,2017-03,613.922026
ML,XOF: CFA franc,2017-04,611.74801
ML,XOF: CFA franc,2017-05,593.223604
ML,XOF: CFA franc,2017-06,584.139681
ML,XOF: CFA franc,2017-07,569.845243
ML,XOF: CFA franc,2017-08,555.578465
ML,XOF: CFA franc,2017-09,550.550227
ML,XOF: CFA franc,2017-10,557.982825
ML,XOF: CFA franc,2017-11,558.831999
ML,XOF: CFA franc,2017-12,554.19511
ML,XOF: CFA franc,2018-01,537.691709
ML,XOF: CFA franc,2018-02,531.233904
ML,XOF: CFA franc,2018-03,531.733845
ML,XOF: CFA franc,2018-04,534.327933
ML,XOF: CFA franc,2018-05,555.320334
ML,XOF: CFA franc,2018-06,561.68946
ML,XOF: CFA franc,2018-07,561.331772
ML,XOF: CFA franc,2018-08,567.979452
ML,XOF: CFA franc,2018-09,562.633055
ML,XOF: CFA franc,2018-10,571.189931
ML,XOF: CFA franc,2018-11,577.07827
ML,XOF: CFA franc,2018-12,576.198937
ML,XOF: CFA franc,2019-01,574.573839
ML,XOF: CFA franc,2019-02,577.877131
ML,XOF: CFA franc,2019-03,580.365744
ML,XOF: CFA franc,2019-04,583.682513
ML,XOF: CFA franc,2019-05,586.482783
ML,XOF: CFA franc,2019-06,580.832167
ML,XOF: CFA franc,2019-07,584.715742
ML,XOF: CFA franc,2019-08,589.559231
ML,XOF: CFA franc,2019-09,596.112938
ML,XOF: CFA franc,2019-10,593.488468
ML,XOF: CFA franc,2019-11,593.575085
ML,XOF: CFA franc,2019-12,590.237055
ML,XOF: CFA franc,2020-01,590.932893
ML,XOF: CFA franc,2020-02,601.519486
ML,XOF: CFA franc,2020-03,592.906757
ML,XOF: CFA franc,2020-04,603.906315
ML,XOF: CFA franc,2020-05,601.693291
ML,XOF: CFA franc,2020-06,582.835045
ML,XOF: CFA franc,2020-07,572.218973
ML,XOF: CFA franc,2020-08,554.575345
ML,XOF: CFA franc,2020-09,556.253599
ML,XOF: CFA franc,2020-10,557.067407
ML,XOF: CFA franc,2020-11,554.115794
ML,XOF: CFA franc,2020-12,539.007149
ML,XOF: CFA franc,2021-01,538.957427
ML,XOF: CFA franc,2021-02,542.207325
ML,XOF: CFA franc,2021-03,551.266666
ML,XOF: CFA franc,2021-04,547.584543
ML,XOF: CFA franc,2021-05,540.064337
ML,XOF: CFA franc,2021-06,544.494106
ML,XOF: CFA franc,2021-07,554.869809
ML,XOF: CFA franc,2021-08,557.226581
ML,XOF: CFA franc,2021-09,557.297594
ML,XOF: CFA franc,2021-10,565.40822
ML,XOF: CFA franc,2021-11,574.692823
ML,XOF: CFA franc,2021-12,580.298669
ML,XOF: CFA franc,2022-01,579.750215
ML,XOF: CFA franc,2022-02,578.348425
ML,XOF: CFA franc,2022-03,595.298655
ML,XOF: CFA franc,2022-04,606.3157
ML,XOF: CFA franc,2022-05,620.085078
ML,XOF: CFA franc,2022-06,620.829347
ML,XOF: CFA franc,2022-07,644.427878
ML,XOF: CFA franc,2022-08,647.639062
ML,XOF: CFA franc,2022-09,662.330425
ML,XOF: CFA franc,2022-10,667.595413
ML,XOF: CFA franc,2022-11,643.014864
ML,XOF: CFA franc,2022-12,619.481348
ML,XOF: CFA franc,2023-01,609.115981
ML,XOF: CFA franc,2023-02,612.180008
ML,XOF: CFA franc,2023-03,612.710308
ML,XOF: CFA franc,2023-04,598.079516
ML,XOF: CFA franc,2023-05,603.595123
ML,XOF: CFA franc,2023-06,605.133996
ML,XOF: CFA franc,2023-07,593.189117
ML,XOF: CFA franc,2023-08,601.306117
ML,XOF: CFA franc,2023-09,613.972945
ML,XOF: CFA franc,2023-10,621.021706
ML,XOF: CFA franc,2023-11,606.905262
ML,XOF: CFA franc,2023-12,601.626922
ML,XOF: CFA franc,2024-01,601.511965
ML,XOF: CFA franc,2024-02,607.664995
ML,XOF: CFA franc,2024-03,603.334192
ML,XOF: CFA franc,2024-04,611.457456
ML,XOF: CFA franc,2024-05,606.680736
ML,XOF: CFA franc,2024-06,609.682127
ML,XOF: CFA franc,2024-07,604.898322
ML,XOF: CFA franc,2024-08,595.664884
ML,XOF: CFA franc,2024-09,590.632991
ML,XOF: CFA franc,2024-10,601.555463
ML,XOF: CFA franc,2024-11,617.07261
ML,XOF: CFA franc,2024-12,625.987833
ML,XOF: CFA franc,2025-01,633.546725
ML,XOF: CFA franc,2025-02,629.970708
ML,XOF: CFA franc,2025-03,606.984882
ML,XOF: CFA franc,2025-04,584.94732
ML,XOF: CFA franc,2025-05,581.622832
ML,XOF: CFA franc,2025-06,569.595476
ML,XOF: CFA franc,2025-07,561.757581
ML,XOF: CFA franc,2025-08,563.952223
ML,XOF: CFA franc,2025-09,559.106966
ML,XOF: CFA franc,2025-10,564.000411
ML,XOF: CFA franc,2025-11,567.427034
ML,XOF: CFA franc,2025-12,560.229743
CR,CRC: Costa Rica colon,2013-01,500.821774
CR,CRC: Costa Rica colon,2013-02,501.718571
CR,CRC: Costa Rica colon,2013-03,499.086452
CR,CRC: Costa Rica colon,2013-04,499.033667
CR,CRC: Costa Rica colon,2013-05,499.059839
CR,CRC: Costa Rica colon,2013-06,498.880167
CR,CRC: Costa Rica colon,2013-07,498.731452
CR,CRC: Costa Rica colon,2013-08,499.101935
CR,CRC: Costa Rica colon,2013-09,501.263833
CR,CRC: Costa Rica colon,2013-10,500.064032
CR,CRC: Costa Rica colon,2013-11,499.713333
CR,CRC: Costa Rica colon,2013-12,499.726935
CR,CRC: Costa Rica colon,2014-01,502.842742
CR,CRC: Costa Rica colon,2014-02,525.940536
CR,CRC: Costa Rica colon,2014-03,549.711129
CR,CRC: Costa Rica colon,2014-04,547.66633
CR,CRC: Costa Rica colon,2014-05,553.036613
CR,CRC: Costa Rica colon,2014-06,550.617667
CR,CRC: Costa Rica colon,2014-07,538.461613
CR,CRC: Costa Rica colon,2014-08,539.611774
CR,CRC: Costa Rica colon,2014-09,539.830333
CR,CRC: Costa Rica colon,2014-10,539.603548
CR,CRC: Costa Rica colon,2014-11,537.217667
CR,CRC: Costa Rica colon,2014-12,535.266452
CR,CRC: Costa Rica colon,2015-01,537.619516
CR,CRC: Costa Rica colon,2015-02,536.904643
CR,CRC: Costa Rica colon,2015-03,533.325323
CR,CRC: Costa Rica colon,2015-04,532.147167
CR,CRC: Costa Rica colon,2015-05,532.84629
CR,CRC: Costa Rica colon,2015-06,535.7675
CR,CRC: Costa Rica colon,2015-07,534.528387
CR,CRC: Costa Rica colon,2015-08,534.242903
CR,CRC: Costa Rica colon,2015-09,535.010167
CR,CRC: Costa Rica colon,2015-10,534.565484
CR,CRC: Costa Rica colon,2015-11,533.487667
CR,CRC: Costa Rica colon,2015-12,534.344194
CR,CRC: Costa Rica colon,2016-01,536.428387
CR,CRC: Costa Rica colon,2016-02,536.699138
CR,CRC: Costa Rica colon,2016-03,535.414839
CR,CRC: Costa Rica colon,2016-04,536.071
CR,CRC: Costa Rica colon,2016-05,537.512742
CR,CRC: Costa Rica colon,2016-06,543.392833
CR,CRC: Costa Rica colon,2016-07,548.217742
CR,CRC: Costa Rica colon,2016-08,550.647419
CR,CRC: Costa Rica colon,2016-09,552.188833
CR,CRC: Costa Rica colon,2016-10,553.437097
CR,CRC: Costa Rica colon,2016-11,554.363667
CR,CRC: Costa Rica colon,2016-12,552.49871
CR,CRC: Costa Rica colon,2017-01,554.797903
CR,CRC: Costa Rica colon,2017-02,560.364643
CR,CRC: Costa Rica colon,2017-03,559.931613
CR,CRC: Costa Rica colon,2017-04,562.096333
CR,CRC: Costa Rica colon,2017-05,574.17371
CR,CRC: Costa Rica colon,2017-06,570.543333
CR,CRC: Costa Rica colon,2017-07,572.034677
CR,CRC: Costa Rica colon,2017-08,574.745323
CR,CRC: Costa Rica colon,2017-09,575.8275
CR,CRC: Costa Rica colon,2017-10,571.311129
CR,CRC: Costa Rica colon,2017-11,567.6985
CR,CRC: Costa Rica colon,2017-12,566.632419
CR,CRC: Costa Rica colon,2018-01,569.060161
CR,CRC: Costa Rica colon,2018-02,570.649821
CR,CRC: Costa Rica colon,2018-03,567.216935
CR,CRC: Costa Rica colon,2018-04,565.205833
CR,CRC: Costa Rica colon,2018-05,565.256129
CR,CRC: Costa Rica colon,2018-06,567.316
CR,CRC: Costa Rica colon,2018-07,567.093871
CR,CRC: Costa Rica colon,2018-08,567.845
CR,CRC: Costa Rica colon,2018-09,579.152667
CR,CRC: Costa Rica colon,2018-10,592.392742
CR,CRC: Costa Rica colon,2018-11,611.3715
CR,CRC: Costa Rica colon,2018-12,601.109355
CR,CRC: Costa Rica colon,2019-01,606.142742
CR,CRC: Costa Rica colon,2019-02,610.057143
CR,CRC: Costa Rica colon,2019-03,603.757097
CR,CRC: Costa Rica colon,2019-04,599.807
CR,CRC: Costa Rica colon,2019-05,591.990968
CR,CRC: Costa Rica colon,2019-06,586.421167
CR,CRC: Costa Rica colon,2019-07,576.926452
CR,CRC: Costa Rica colon,2019-08,568.503871
CR,CRC: Costa Rica colon,2019-09,577.9055
CR,CRC: Costa Rica colon,2019-10,581.144677
CR,CRC: Costa Rica colon,2019-11,576.4345
CR,CRC: Costa Rica colon,2019-12,568.444032
CR,CRC: Costa Rica colon,2020-01,570.13129
CR,CRC: Costa Rica colon,2020-02,571.17569
CR,CRC: Costa Rica colon,2020-03,571.182581
CR,CRC: Costa Rica colon,2020-04,568.9445
CR,CRC: Costa Rica colon,2020-05,569.879032
CR,CRC: Costa Rica colon,2020-06,577.507167
CR,CRC: Costa Rica colon,2020-07,582.064677
CR,CRC: Costa Rica colon,2020-08,592.830645
CR,CRC: Costa Rica colon,2020-09,598.005
CR,CRC: Costa Rica colon,2020-10,603.437097
CR,CRC: Costa Rica colon,2020-11,607.46
CR,CRC: Costa Rica colon,2020-12,606.192581
CR,CRC: Costa Rica colon,2021-01,611.828387
CR,CRC: Costa Rica colon,2021-02,611.008393
CR,CRC: Costa Rica colon,2021-03,610.957097
CR,CRC: Costa Rica colon,2021-04,613.225333
CR,CRC: Costa Rica colon,2021-05,615.4
CR,CRC: Costa Rica colon,2021-06,617.521
CR,CRC: Costa Rica colon,2021-07,618.908226
CR,CRC: Costa Rica colon,2021-08,620.449677
CR,CRC: Costa Rica colon,2021-09,624.773333
CR,CRC: Costa Rica colon,2021-10,629.78629
CR,CRC: Costa Rica colon,2021-11,637.631
CR,CRC: Costa Rica colon,2021-12,637.927903
CR,CRC: Costa Rica colon,2022-01,638.560645
CR,CRC: Costa Rica colon,2022-02,642.425536
CR,CRC: Costa Rica colon,2022-03,650.094194
CR,CRC: Costa Rica colon,2022-04,658.628
CR,CRC: Costa Rica colon,2022-05,673.004032
CR,CRC: Costa Rica colon,2022-06,689.032667
CR,CRC: Costa Rica colon,2022-07,681.277419
CR,CRC: Costa Rica colon,2022-08,659.241613
CR,CRC: Costa Rica colon,2022-09,642.5035
CR,CRC: Costa Rica colon,2022-10,625.508276
CR,CRC: Costa Rica colon,2022-11,612.156833
CR,CRC: Costa Rica colon,2022-12,593.197097
CR,CRC: Costa Rica colon,2023-01,575.983226
CR,CRC: Costa Rica colon,2023-02,567.331607
CR,CRC: Costa Rica colon,2023-03,548.050806
CR,CRC: Costa Rica colon,2023-04,538.745
CR,CRC: Costa Rica colon,2023-05,541.294355
CR,CRC: Costa Rica colon,2023-06,543.233667
CR,CRC: Costa Rica colon,2023-07,544.165161
CR,CRC: Costa Rica colon,2023-08,539.669032
CR,CRC: Costa Rica colon,2023-09,536.214833
CR,CRC: Costa Rica colon,2023-10,534.242419
CR,CRC: Costa Rica colon,2023-11,532.860167
CR,CRC: Costa Rica colon,2023-12,526.819032
CR,CRC: Costa Rica colon,2024-01,518.305
CR,CRC: Costa Rica colon,2024-02,516.416607
CR,CRC: Costa Rica colon,2024-03,506.805968
CR,CRC: Costa Rica colon,2024-04,501.776
CR,CRC: Costa Rica colon,2024-05,512.215484
CR,CRC: Costa Rica colon,2024-06,525.625167
CR,CRC: Costa Rica colon,2024-07,526.207097
CR,CRC: Costa Rica colon,2024-08,522.785645
CR,CRC: Costa Rica colon,2024-09,519.005167
CR,CRC: Costa Rica colon,2024-10,515.683065
CR,CRC: Costa Rica colon,2024-11,510.469
CR,CRC: Costa Rica colon,2024-12,506.023065
CR,CRC: Costa Rica colon,2025-01,505.620323
CR,CRC: Costa Rica colon,2025-02,506.923214
CR,CRC: Costa Rica colon,2025-03,501.14129
CR,CRC: Costa Rica colon,2025-04,505.097833
CR,CRC: Costa Rica colon,2025-05,506.216452
CR,CRC: Costa Rica colon,2025-06,505.7365
CR,CRC: Costa Rica colon,2025-07,504.499839
CR,CRC: Costa Rica colon,2025-08,504.690645
CR,CRC: Costa Rica colon,2025-09,504.534667
CR,CRC: Costa Rica colon,2025-10,503.094032
CR,CRC: Costa Rica colon,2025-11,499.608
CR,CRC: Costa Rica colon,2025-12,494.799194
SN,XOF: CFA franc,2013-01,493.644458
SN,XOF: CFA franc,2013-02,491.020694
SN,XOF: CFA franc,2013-03,505.999105
SN,XOF: CFA franc,2013-04,503.575157
SN,XOF: CFA franc,2013-05,505.28016
SN,XOF: CFA franc,2013-06,497.361008
SN,XOF: CFA franc,2013-07,501.491176
SN,XOF: CFA franc,2013-08,492.848717
SN,XOF: CFA franc,2013-09,491.430686
SN,XOF: CFA franc,2013-10,481.084776
SN,XOF: CFA franc,2013-11,486.149581
SN,XOF: CFA franc,2013-12,478.674947
SN,XOF: CFA franc,2014-01,481.958888
SN,XOF: CFA franc,2014-02,480.255519
SN,XOF: CFA franc,2014-03,474.556607
SN,XOF: CFA franc,2014-04,474.900995
SN,XOF: CFA franc,2014-05,477.68
SN,XOF: CFA franc,2014-06,482.591683
SN,XOF: CFA franc,2014-07,484.4882
SN,XOF: CFA franc,2014-08,492.604617
SN,XOF: CFA franc,2014-09,508.440052
SN,XOF: CFA franc,2014-10,517.612643
SN,XOF: CFA franc,2014-11,525.93528
SN,XOF: CFA franc,2014-12,531.943288
SN,XOF: CFA franc,2015-01,564.442118
SN,XOF: CFA franc,2015-02,577.953505
SN,XOF: CFA franc,2015-03,605.25582
SN,XOF: CFA franc,2015-04,608.533949
SN,XOF: CFA franc,2015-05,588.325986
SN,XOF: CFA franc,2015-06,584.985022
SN,XOF: CFA franc,2015-07,596.553264
SN,XOF: CFA franc,2015-08,588.880686
SN,XOF: CFA franc,2015-09,584.570334
SN,XOF: CFA franc,2015-10,583.846633
SN,XOF: CFA franc,2015-11,610.988264
SN,XOF: CFA franc,2015-12,603.057861
SN,XOF: CFA franc,2016-01,604.031437
SN,XOF: CFA franc,2016-02,591.327698
SN,XOF: CFA franc,2016-03,590.969999
SN,XOF: CFA franc,2016-04,578.486622
SN,XOF: CFA franc,2016-05,579.923727
SN,XOF: CFA franc,2016-06,584.168056
SN,XOF: CFA franc,2016-07,592.632777
SN,XOF: CFA franc,2016-08,585.062667
SN,XOF: CFA franc,2016-09,585.044311
SN,XOF: CFA franc,2016-10,594.915805
SN,XOF: CFA franc,2016-11,607.426392
SN,XOF: CFA franc,2016-12,622.178626
SN,XOF: CFA franc,2017-01,617.987299
SN,XOF: CFA franc,2017-02,616.347432
SN,XOF: CFA franc,2017-03,613.922026
SN,XOF: CFA franc,2017-04,611.74801
SN,XOF: CFA franc,2017-05,593.223604
SN,XOF: CFA franc,2017-06,584.139681
SN,XOF: CFA franc,2017-07,569.845243
SN,XOF: CFA franc,2017-08,555.578465
SN,XOF: CFA franc,2017-09,550.550227
SN,XOF: CFA franc,2017-10,557.982825
SN,XOF: CFA franc,2017-11,558.831999
SN,XOF: CFA franc,2017-12,554.19511
SN,XOF: CFA franc,2018-01,537.691709
SN,XOF: CFA franc,2018-02,531.233904
SN,XOF: CFA franc,2018-03,531.733845
SN,XOF: CFA franc,2018-04,534.327933
SN,XOF: CFA franc,2018-05,555.320334
SN,XOF: CFA franc,2018-06,561.68946
SN,XOF: CFA franc,2018-07,561.331772
SN,XOF: CFA franc,2018-08,567.979452
SN,XOF: CFA franc,2018-09,562.633055
SN,XOF: CFA franc,2018-10,571.189931
SN,XOF: CFA franc,2018-11,577.07827
SN,XOF: CFA franc,2018-12,576.198937
SN,XOF: CFA franc,2019-01,574.573839
SN,XOF: CFA franc,2019-02,577.877131
SN,XOF: CFA franc,2019-03,580.365744
SN,XOF: CFA franc,2019-04,583.682513
SN,XOF: CFA franc,2019-05,586.482783
SN,XOF: CFA franc,2019-06,580.832167
SN,XOF: CFA franc,2019-07,584.715742
SN,XOF: CFA franc,2019-08,589.559231
SN,XOF: CFA franc,2019-09,596.112938
SN,XOF: CFA franc,2019-10,593.488468
SN,XOF: CFA franc,2019-11,593.575085
SN,XOF: CFA franc,2019-12,590.237055
SN,XOF: CFA franc,2020-01,590.932893
SN,XOF: CFA franc,2020-02,601.519486
SN,XOF: CFA franc,2020-03,592.906757
SN,XOF: CFA franc,2020-04,603.906315
SN,XOF: CFA franc,2020-05,601.693291
SN,XOF: CFA franc,2020-06,582.835045
SN,XOF: CFA franc,2020-07,572.218973
SN,XOF: CFA franc,2020-08,554.575345
SN,XOF: CFA franc,2020-09,556.253599
SN,XOF: CFA franc,2020-10,557.067407
SN,XOF: CFA franc,2020-11,554.115794
SN,XOF: CFA franc,2020-12,539.007149
SN,XOF: CFA franc,2021-01,538.957427
SN,XOF: CFA franc,2021-02,542.207325
SN,XOF: CFA franc,2021-03,551.266666
SN,XOF: CFA franc,2021-04,547.584543
SN,XOF: CFA franc,2021-05,540.064337
SN,XOF: CFA franc,2021-06,544.494106
SN,XOF: CFA franc,2021-07,554.869809
SN,XOF: CFA franc,2021-08,557.226581
SN,XOF: CFA franc,2021-09,557.297594
SN,XOF: CFA franc,2021-10,565.40822
SN,XOF: CFA franc,2021-11,574.692823
SN,XOF: CFA franc,2021-12,580.298669
SN,XOF: CFA franc,2022-01,579.750215
SN,XOF: CFA franc,2022-02,578.348425
SN,XOF: CFA franc,2022-03,595.298655
SN,XOF: CFA franc,2022-04,606.3157
SN,XOF: CFA franc,2022-05,620.085078
SN,XOF: CFA franc,2022-06,620.829347
SN,XOF: CFA franc,2022-07,644.427878
SN,XOF: CFA franc,2022-08,647.639062
SN,XOF: CFA franc,2022-09,662.330425
SN,XOF: CFA franc,2022-10,667.595413
SN,XOF: CFA franc,2022-11,643.014864
SN,XOF: CFA franc,2022-12,619.481348
SN,XOF: CFA franc,2023-01,609.115981
SN,XOF: CFA franc,2023-02,612.180008
SN,XOF: CFA franc,2023-03,612.710308
SN,XOF: CFA franc,2023-04,598.079516
SN,XOF: CFA franc,2023-05,603.595123
SN,XOF: CFA franc,2023-06,605.133996
SN,XOF: CFA franc,2023-07,593.189117
SN,XOF: CFA franc,2023-08,601.306117
SN,XOF: CFA franc,2023-09,613.972945
SN,XOF: CFA franc,2023-10,621.021706
SN,XOF: CFA franc,2023-11,606.905262
SN,XOF: CFA franc,2023-12,601.626922
SN,XOF: CFA franc,2024-01,601.511965
SN,XOF: CFA franc,2024-02,607.664995
SN,XOF: CFA franc,2024-03,603.334192
SN,XOF: CFA franc,2024-04,611.457456
SN,XOF: CFA franc,2024-05,606.680736
SN,XOF: CFA franc,2024-06,609.682127
SN,XOF: CFA franc,2024-07,604.898322
SN,XOF: CFA franc,2024-08,595.664884
SN,XOF: CFA franc,2024-09,590.632991
SN,XOF: CFA franc,2024-10,601.555463
SN,XOF: CFA franc,2024-11,617.07261
SN,XOF: CFA franc,2024-12,625.987833
SN,XOF: CFA franc,2025-01,633.546725
SN,XOF: CFA franc,2025-02,629.970708
SN,XOF: CFA franc,2025-03,606.984882
SN,XOF: CFA franc,2025-04,584.94732
SN,XOF: CFA franc,2025-05,581.622832
SN,XOF: CFA franc,2025-06,569.595476
SN,XOF: CFA franc,2025-07,561.757581
SN,XOF: CFA franc,2025-08,563.952223
SN,XOF: CFA franc,2025-09,559.106966
SN,XOF: CFA franc,2025-10,564.000411
SN,XOF: CFA franc,2025-11,567.427034
SN,XOF: CFA franc,2025-12,560.229743
GH,GHS: Ghana cedi,2013-01,1.8966
GH,GHS: Ghana cedi,2013-02,1.9048
GH,GHS: Ghana cedi,2013-03,1.9241
GH,GHS: Ghana cedi,2013-04,1.9456
GH,GHS: Ghana cedi,2013-05,1.9621
GH,GHS: Ghana cedi,2013-06,1.9858
GH,GHS: Ghana cedi,2013-07,1.9914
GH,GHS: Ghana cedi,2013-08,1.9943
GH,GHS: Ghana cedi,2013-09,1.9977
GH,GHS: Ghana cedi,2013-10,2.0041
GH,GHS: Ghana cedi,2013-11,2.0609
GH,GHS: Ghana cedi,2013-12,2.1088
GH,GHS: Ghana cedi,2014-01,2.289
GH,GHS: Ghana cedi,2014-02,2.4414
GH,GHS: Ghana cedi,2014-03,2.5828
GH,GHS: Ghana cedi,2014-04,2.7399
GH,GHS: Ghana cedi,2014-05,2.8597
GH,GHS: Ghana cedi,2014-06,2.982
GH,GHS: Ghana cedi,2014-07,3.025
GH,GHS: Ghana cedi,2014-08,3.0599
GH,GHS: Ghana cedi,2014-09,3.1884
GH,GHS: Ghana cedi,2014-10,3.1964
GH,GHS: Ghana cedi,2014-11,3.197
GH,GHS: Ghana cedi,2014-12,3.1974
GH,GHS: Ghana cedi,2015-01,3.2186
GH,GHS: Ghana cedi,2015-02,3.3623
GH,GHS: Ghana cedi,2015-03,3.5909
GH,GHS: Ghana cedi,2015-04,3.8122
GH,GHS: Ghana cedi,2015-05,3.8932
GH,GHS: Ghana cedi,2015-06,4.1842
GH,GHS: Ghana cedi,2015-07,3.5322
GH,GHS: Ghana cedi,2015-08,3.8588
GH,GHS: Ghana cedi,2015-09,3.775
GH,GHS: Ghana cedi,2015-10,3.764
GH,GHS: Ghana cedi,2015-11,3.7902
GH,GHS: Ghana cedi,2015-12,3.7941
GH,GHS: Ghana cedi,2016-01,3.8076
GH,GHS: Ghana cedi,2016-02,3.8719
GH,GHS: Ghana cedi,2016-03,3.851
GH,GHS: Ghana cedi,2016-04,3.8202
GH,GHS: Ghana cedi,2016-05,3.8125
GH,GHS: Ghana cedi,2016-06,3.8824
GH,GHS: Ghana cedi,2016-07,3.9392
GH,GHS: Ghana cedi,2016-08,3.945
GH,GHS: Ghana cedi,2016-09,3.9563
GH,GHS: Ghana cedi,2016-10,3.9665
GH,GHS: Ghana cedi,2016-11,3.9715
GH,GHS: Ghana cedi,2016-12,4.0937
GH,GHS: Ghana cedi,2017-01,4.2355
GH,GHS: Ghana cedi,2017-02,4.373
GH,GHS: Ghana cedi,2017-03,4.4842
GH,GHS: Ghana cedi,2017-04,4.1964
GH,GHS: Ghana cedi,2017-05,4.2376
GH,GHS: Ghana cedi,2017-06,4.3322
GH,GHS: Ghana cedi,2017-07,4.3669
GH,GHS: Ghana cedi,2017-08,4.3873
GH,GHS: Ghana cedi,2017-09,4.4037
GH,GHS: Ghana cedi,2017-10,4.3813
GH,GHS: Ghana cedi,2017-11,4.396
GH,GHS: Ghana cedi,2017-12,4.4123
GH,GHS: Ghana cedi,2018-01,4.4209
GH,GHS: Ghana cedi,2018-02,4.4195
GH,GHS: Ghana cedi,2018-03,4.4136
GH,GHS: Ghana cedi,2018-04,4.4053
GH,GHS: Ghana cedi,2018-05,4.4139
GH,GHS: Ghana cedi,2018-06,4.4625
GH,GHS: Ghana cedi,2018-07,4.6474
GH,GHS: Ghana cedi,2018-08,4.7083
GH,GHS: Ghana cedi,2018-09,4.7393
GH,GHS: Ghana cedi,2018-10,4.7922
GH,GHS: Ghana cedi,2018-11,4.7911
GH,GHS: Ghana cedi,2018-12,4.8099
GH,GHS: Ghana cedi,2019-01,4.8947
GH,GHS: Ghana cedi,2019-02,5.0162
GH,GHS: Ghana cedi,2019-03,5.1797
GH,GHS: Ghana cedi,2019-04,5.0865
GH,GHS: Ghana cedi,2019-05,5.1083
GH,GHS: Ghana cedi,2019-06,5.2402
GH,GHS: Ghana cedi,2019-07,5.256
GH,GHS: Ghana cedi,2019-08,5.2701
GH,GHS: Ghana cedi,2019-09,5.3067
GH,GHS: Ghana cedi,2019-10,5.3235
GH,GHS: Ghana cedi,2019-11,5.3888
GH,GHS: Ghana cedi,2019-12,5.5377
GH,GHS: Ghana cedi,2020-01,5.5274
GH,GHS: Ghana cedi,2020-02,5.3194
GH,GHS: Ghana cedi,2020-03,5.3566
GH,GHS: Ghana cedi,2020-04,5.5153
GH,GHS: Ghana cedi,2020-05,5.6109
GH,GHS: Ghana cedi,2020-06,5.6427
GH,GHS: Ghana cedi,2020-07,5.6724
GH,GHS: Ghana cedi,2020-08,5.6815
GH,GHS: Ghana cedi,2020-09,5.6865
GH,GHS: Ghana cedi,2020-10,5.7029
GH,GHS: Ghana cedi,2020-11,5.712
GH,GHS: Ghana cedi,2020-12,5.7209
GH,GHS: Ghana cedi,2021-01,5.7608
GH,GHS: Ghana cedi,2021-02,5.7575
GH,GHS: Ghana cedi,2021-03,5.7275
GH,GHS: Ghana cedi,2021-04,5.7308
GH,GHS: Ghana cedi,2021-05,5.7333
GH,GHS: Ghana cedi,2021-06,5.7524
GH,GHS: Ghana cedi,2021-07,5.7848
GH,GHS: Ghana cedi,2021-08,5.8264
GH,GHS: Ghana cedi,2021-09,5.8592
GH,GHS: Ghana cedi,2021-10,5.8818
GH,GHS: Ghana cedi,2021-11,5.907
GH,GHS: Ghana cedi,2021-12,5.9469
GH,GHS: Ghana cedi,2022-01,6.014
GH,GHS: Ghana cedi,2022-02,6.3076
GH,GHS: Ghana cedi,2022-03,7.0465
GH,GHS: Ghana cedi,2022-04,7.1123
GH,GHS: Ghana cedi,2022-05,7.126
GH,GHS: Ghana cedi,2022-06,7.1908
GH,GHS: Ghana cedi,2022-07,7.3908
GH,GHS: Ghana cedi,2022-08,8.0588
GH,GHS: Ghana cedi,2022-09,8.7472
GH,GHS: Ghana cedi,2022-10,11.1671
GH,GHS: Ghana cedi,2022-11,13.073
GH,GHS: Ghana cedi,2022-12,10.0347
GH,GHS: Ghana cedi,2023-01,9.9092
GH,GHS: Ghana cedi,2023-02,10.8636
GH,GHS: Ghana cedi,2023-03,11.014
GH,GHS: Ghana cedi,2023-04,10.9453
GH,GHS: Ghana cedi,2023-05,10.9218
GH,GHS: Ghana cedi,2023-06,10.9836
GH,GHS: Ghana cedi,2023-07,11.002
GH,GHS: Ghana cedi,2023-08,11.01
GH,GHS: Ghana cedi,2023-09,11.06
GH,GHS: Ghana cedi,2023-10,11.3354
GH,GHS: Ghana cedi,2023-11,11.55
GH,GHS: Ghana cedi,2023-12,11.65
GH,GHS: Ghana cedi,2024-01,11.9344
GH,GHS: Ghana cedi,2024-02,12.2301
GH,GHS: Ghana cedi,2024-03,12.6674
GH,GHS: Ghana cedi,2024-04,13.081
GH,GHS: Ghana cedi,2024-05,13.7823
GH,GHS: Ghana cedi,2024-06,14.3274
GH,GHS: Ghana cedi,2024-07,14.7467
GH,GHS: Ghana cedi,2024-08,15.1037
GH,GHS: Ghana cedi,2024-09,15.5575
GH,GHS: Ghana cedi,2024-10,15.9889
GH,GHS: Ghana cedi,2024-11,15.9834
GH,GHS: Ghana cedi,2024-12,14.7805
GH,GHS: Ghana cedi,2025-01,14.972
GH,GHS: Ghana cedi,2025-02,15.486
GH,GHS: Ghana cedi,2025-03,15.5316
GH,GHS: Ghana cedi,2025-04,15.2216
GH,GHS: Ghana cedi,2025-05,12.0751
GH,GHS: Ghana cedi,2025-06,10.284
GH,GHS: Ghana cedi,2025-07,10.417
GH,GHS: Ghana cedi,2025-08,10.7875
GH,GHS: Ghana cedi,2025-09,12.1443
GH,GHS: Ghana cedi,2025-10,11.4607
UG,UGX: Uganda shilling,2013-01,2683.789286
UG,UGX: Uganda shilling,2013-02,2657.549303
UG,UGX: Uganda shilling,2013-03,2636.891579
UG,UGX: Uganda shilling,2013-04,2578.011693
UG,UGX: Uganda shilling,2013-05,2586.113488
UG,UGX: Uganda shilling,2013-06,2593.081506
UG,UGX: Uganda shilling,2013-07,2588.90052
UG,UGX: Uganda shilling,2013-08,2578.871508
UG,UGX: Uganda shilling,2013-09,2568.864214
UG,UGX: Uganda shilling,2013-10,2534.391844
UG,UGX: Uganda shilling,2013-11,2523.272621
UG,UGX: Uganda shilling,2013-12,2512.937261
UG,UGX: Uganda shilling,2014-01,2499.903891
UG,UGX: Uganda shilling,2014-02,2471.96179
UG,UGX: Uganda shilling,2014-03,2534.215691
UG,UGX: Uganda shilling,2014-04,2529.787007
UG,UGX: Uganda shilling,2014-05,2532.385853
UG,UGX: Uganda shilling,2014-06,2580.862271
UG,UGX: Uganda shilling,2014-07,2633.515357
UG,UGX: Uganda shilling,2014-08,2612.504687
UG,UGX: Uganda shilling,2014-09,2618.79615
UG,UGX: Uganda shilling,2014-10,2680.508661
UG,UGX: Uganda shilling,2014-11,2734.22225
UG,UGX: Uganda shilling,2014-12,2768.794799
UG,UGX: Uganda shilling,2015-01,2860.71175
UG,UGX: Uganda shilling,2015-02,2868.8475
UG,UGX: Uganda shilling,2015-03,2951.736813
UG,UGX: Uganda shilling,2015-04,2995.578
UG,UGX: Uganda shilling,2015-05,3007.603
UG,UGX: Uganda shilling,2015-06,3199.90275
UG,UGX: Uganda shilling,2015-07,3360.094091
UG,UGX: Uganda shilling,2015-08,3548.25119
UG,UGX: Uganda shilling,2015-09,3667.504762
UG,UGX: Uganda shilling,2015-10,3636.024524
UG,UGX: Uganda shilling,2015-11,3428.998095
UG,UGX: Uganda shilling,2015-12,3362.492569
UG,UGX: Uganda shilling,2016-01,3451.208947
UG,UGX: Uganda shilling,2016-02,3435.113961
UG,UGX: Uganda shilling,2016-03,3365.496891
UG,UGX: Uganda shilling,2016-04,3343.572077
UG,UGX: Uganda shilling,2016-05,3348.919255
UG,UGX: Uganda shilling,2016-06,3367.992603
UG,UGX: Uganda shilling,2016-07,3379.293389
UG,UGX: Uganda shilling,2016-08,3373.535
UG,UGX: Uganda shilling,2016-09,3381.40619
UG,UGX: Uganda shilling,2016-10,3435.84836
UG,UGX: Uganda shilling,2016-11,3560.623434
UG,UGX: Uganda shilling,2016-12,3598.165979
UG,UGX: Uganda shilling,2017-01,3609.477302
UG,UGX: Uganda shilling,2017-02,3585.349547
UG,UGX: Uganda shilling,2017-03,3599.014114
UG,UGX: Uganda shilling,2017-04,3618.697222
UG,UGX: Uganda shilling,2017-05,3623.606591
UG,UGX: Uganda shilling,2017-06,3591.098571
UG,UGX: Uganda shilling,2017-07,3601.5305
UG,UGX: Uganda shilling,2017-08,3606.031739
UG,UGX: Uganda shilling,2017-09,3599.866
UG,UGX: Uganda shilling,2017-10,3637.909524
UG,UGX: Uganda shilling,2017-11,3638.850808
UG,UGX: Uganda shilling,2017-12,3623.261579
UG,UGX: Uganda shilling,2018-01,3640.053042
UG,UGX: Uganda shilling,2018-02,3637.562602
UG,UGX: Uganda shilling,2018-03,3660.117861
UG,UGX: Uganda shilling,2018-04,3697.2425
UG,UGX: Uganda shilling,2018-05,3726.84303
UG,UGX: Uganda shilling,2018-06,3840.47675
UG,UGX: Uganda shilling,2018-07,3760.443439
UG,UGX: Uganda shilling,2018-08,3729.5325
UG,UGX: Uganda shilling,2018-09,3800.679417
UG,UGX: Uganda shilling,2018-10,3777.977727
UG,UGX: Uganda shilling,2018-11,3739.772285
UG,UGX: Uganda shilling,2018-12,3714.126784
UG,UGX: Uganda shilling,2019-01,3702.434091
UG,UGX: Uganda shilling,2019-02,3672.894
UG,UGX: Uganda shilling,2019-03,3706.1915
UG,UGX: Uganda shilling,2019-04,3736.97575
UG,UGX: Uganda shilling,2019-05,3765.629331
UG,UGX: Uganda shilling,2019-06,3728.988302
UG,UGX: Uganda shilling,2019-07,3696.486957
UG,UGX: Uganda shilling,2019-08,3693.733864
UG,UGX: Uganda shilling,2019-09,3675.496429
UG,UGX: Uganda shilling,2019-10,3695.836364
UG,UGX: Uganda shilling,2019-11,3697.442857
UG,UGX: Uganda shilling,2019-12,3676.479417
UG,UGX: Uganda shilling,2020-01,3680.792727
UG,UGX: Uganda shilling,2020-02,3676.8465
UG,UGX: Uganda shilling,2020-03,3772.9075
UG,UGX: Uganda shilling,2020-04,3785.746417
UG,UGX: Uganda shilling,2020-05,3791.46
UG,UGX: Uganda shilling,2020-06,3737.9445
UG,UGX: Uganda shilling,2020-07,3703.537045
UG,UGX: Uganda shilling,2020-08,3677.527619
UG,UGX: Uganda shilling,2020-09,3695.087273
UG,UGX: Uganda shilling,2020-10,3719.916929
UG,UGX: Uganda shilling,2020-11,3710.677381
UG,UGX: Uganda shilling,2020-12,3666.543182
UG,UGX: Uganda shilling,2021-01,3691.563657
UG,UGX: Uganda shilling,2021-02,3667.315789
UG,UGX: Uganda shilling,2021-03,3662.869545
UG,UGX: Uganda shilling,2021-04,3623.302
UG,UGX: Uganda shilling,2021-05,3552.786579
UG,UGX: Uganda shilling,2021-06,3540.352105
UG,UGX: Uganda shilling,2021-07,3552.305714
UG,UGX: Uganda shilling,2021-08,3537.036818
UG,UGX: Uganda shilling,2021-09,3530.631364
UG,UGX: Uganda shilling,2021-10,3579.942381
UG,UGX: Uganda shilling,2021-11,3551.522795
UG,UGX: Uganda shilling,2021-12,3554.991739
UG,UGX: Uganda shilling,2022-01,3528.8335
UG,UGX: Uganda shilling,2022-02,3514.506842
UG,UGX: Uganda shilling,2022-03,3589.842273
UG,UGX: Uganda shilling,2022-04,3541.456111
UG,UGX: Uganda shilling,2022-05,3633.068095
UG,UGX: Uganda shilling,2022-06,3747.38075
UG,UGX: Uganda shilling,2022-07,3791.591905
UG,UGX: Uganda shilling,2022-08,3832.44913
UG,UGX: Uganda shilling,2022-09,3825.326364
UG,UGX: Uganda shilling,2022-10,3822.267619
UG,UGX: Uganda shilling,2022-11,3760.228182
UG,UGX: Uganda shilling,2022-12,3690.857857
UG,UGX: Uganda shilling,2023-01,3693.610476
UG,UGX: Uganda shilling,2023-02,3685.715789
UG,UGX: Uganda shilling,2023-03,3744.515
UG,UGX: Uganda shilling,2023-04,3745.819412
UG,UGX: Uganda shilling,2023-05,3729.554545
UG,UGX: Uganda shilling,2023-06,3707.788
UG,UGX: Uganda shilling,2023-07,3661.229524
UG,UGX: Uganda shilling,2023-08,3689.122609
UG,UGX: Uganda shilling,2023-09,3738.02225
UG,UGX: Uganda shilling,2023-10,3755.625317
UG,UGX: Uganda shilling,2023-11,3782.025189
UG,UGX: Uganda shilling,2023-12,3780.657407
UG,UGX: Uganda shilling,2024-01,3805.033624
UG,UGX: Uganda shilling,2024-02,3873.587736
UG,UGX: Uganda shilling,2024-03,3895.779737
UG,UGX: Uganda shilling,2024-04,3822.6875
UG,UGX: Uganda shilling,2024-05,3791.400794
UG,UGX: Uganda shilling,2024-06,3747.190526
UG,UGX: Uganda shilling,2024-07,3705.854807
UG,UGX: Uganda shilling,2024-08,3723.647287
UG,UGX: Uganda shilling,2024-09,3711.313088
UG,UGX: Uganda shilling,2024-10,3667.926067
UG,UGX: Uganda shilling,2024-11,3678.647547
UG,UGX: Uganda shilling,2024-12,3664.081712
UG,UGX: Uganda shilling,2025-01,3688.958988
UG,UGX: Uganda shilling,2025-02,3677.70183
UG,UGX: Uganda shilling,2025-03,3667.8646
UG,UGX: Uganda shilling,2025-04,3669.612057
UG,UGX: Uganda shilling,2025-05,3653.397154
UG,UGX: Uganda shilling,2025-06,3605.838434
UG,UGX: Uganda shilling,2025-07,3586.565909
UG,UGX: Uganda shilling,2025-08,3563.928864
UG,UGX: Uganda shilling,2025-09,3507.790207
UG,UGX: Uganda shilling,2025-10,3463.855764
UG,UGX: Uganda shilling,2025-11,3575.14
UG,UGX: Uganda shilling,2025-12,3575.228874
CI,XOF: CFA franc,2013-01,493.644458
CI,XOF: CFA franc,2013-02,491.020694
CI,XOF: CFA franc,2013-03,505.999105
CI,XOF: CFA franc,2013-04,503.575157
CI,XOF: CFA franc,2013-05,505.28016
CI,XOF: CFA franc,2013-06,497.361008
CI,XOF: CFA franc,2013-07,501.491176
CI,XOF: CFA franc,2013-08,492.848717
CI,XOF: CFA franc,2013-09,491.430686
CI,XOF: CFA franc,2013-10,481.084776
CI,XOF: CFA franc,2013-11,486.149581
CI,XOF: CFA franc,2013-12,478.674947
CI,XOF: CFA franc,2014-01,481.958888
CI,XOF: CFA franc,2014-02,480.255519
CI,XOF: CFA franc,2014-03,474.556607
CI,XOF: CFA franc,2014-04,474.900995
CI,XOF: CFA franc,2014-05,477.68
CI,XOF: CFA franc,2014-06,482.591683
CI,XOF: CFA franc,2014-07,484.4882
CI,XOF: CFA franc,2014-08,492.604617
CI,XOF: CFA franc,2014-09,508.440052
CI,XOF: CFA franc,2014-10,517.612643
CI,XOF: CFA franc,2014-11,525.93528
CI,XOF: CFA franc,2014-12,531.943288
CI,XOF: CFA franc,2015-01,564.442118
CI,XOF: CFA franc,2015-02,577.953505
CI,XOF: CFA franc,2015-03,605.25582
CI,XOF: CFA franc,2015-04,608.533949
CI,XOF: CFA franc,2015-05,588.325986
CI,XOF: CFA franc,2015-06,584.985022
CI,XOF: CFA franc,2015-07,596.553264
CI,XOF: CFA franc,2015-08,588.880686
CI,XOF: CFA franc,2015-09,584.570334
CI,XOF: CFA franc,2015-10,583.846633
CI,XOF: CFA franc,2015-11,610.988264
CI,XOF: CFA franc,2015-12,603.057861
CI,XOF: CFA franc,2016-01,604.031437
CI,XOF: CFA franc,2016-02,591.327698
CI,XOF: CFA franc,2016-03,590.969999
CI,XOF: CFA franc,2016-04,578.486622
CI,XOF: CFA franc,2016-05,579.923727
CI,XOF: CFA franc,2016-06,584.168056
CI,XOF: CFA franc,2016-07,592.632777
CI,XOF: CFA franc,2016-08,585.062667
CI,XOF: CFA franc,2016-09,585.044311
CI,XOF: CFA franc,2016-10,594.915805
CI,XOF: CFA franc,2016-11,607.426392
CI,XOF: CFA franc,2016-12,622.178626
CI,XOF: CFA franc,2017-01,617.987299
CI,XOF: CFA franc,2017-02,616.347432
CI,XOF: CFA franc,2017-03,613.922026
CI,XOF: CFA franc,2017-04,611.74801
CI,XOF: CFA franc,2017-05,593.223604
CI,XOF: CFA franc,2017-06,584.139681
CI,XOF: CFA franc,2017-07,569.845243
CI,XOF: CFA franc,2017-08,555.578465
CI,XOF: CFA franc,2017-09,550.550227
CI,XOF: CFA franc,2017-10,557.982825
CI,XOF: CFA franc,2017-11,558.831999
CI,XOF: CFA franc,2017-12,554.19511
CI,XOF: CFA franc,2018-01,537.691709
CI,XOF: CFA franc,2018-02,531.233904
CI,XOF: CFA franc,2018-03,531.733845
CI,XOF: CFA franc,2018-04,534.327933
CI,XOF: CFA franc,2018-05,555.320334
CI,XOF: CFA franc,2018-06,561.68946
CI,XOF: CFA franc,2018-07,561.331772
CI,XOF: CFA franc,2018-08,567.979452
CI,XOF: CFA franc,2018-09,562.633055
CI,XOF: CFA franc,2018-10,571.189931
CI,XOF: CFA franc,2018-11,577.07827
CI,XOF: CFA franc,2018-12,576.198937
CI,XOF: CFA franc,2019-01,574.573839
CI,XOF: CFA franc,2019-02,577.877131
CI,XOF: CFA franc,2019-03,580.365744
CI,XOF: CFA franc,2019-04,583.682513
CI,XOF: CFA franc,2019-05,586.482783
CI,XOF: CFA franc,2019-06,580.832167
CI,XOF: CFA franc,2019-07,584.715742
CI,XOF: CFA franc,2019-08,589.559231
CI,XOF: CFA franc,2019-09,596.112938
CI,XOF: CFA franc,2019-10,593.488468
CI,XOF: CFA franc,2019-11,593.575085
CI,XOF: CFA franc,2019-12,590.237055
CI,XOF: CFA franc,2020-01,590.932893
CI,XOF: CFA franc,2020-02,601.519486
CI,XOF: CFA franc,2020-03,592.906757
CI,XOF: CFA franc,2020-04,603.906315
CI,XOF: CFA franc,2020-05,601.693291
CI,XOF: CFA franc,2020-06,582.835045
CI,XOF: CFA franc,2020-07,572.218973
CI,XOF: CFA franc,2020-08,554.575345
CI,XOF: CFA franc,2020-09,556.253599
CI,XOF: CFA franc,2020-10,557.067407
CI,XOF: CFA franc,2020-11,554.115794
CI,XOF: CFA franc,2020-12,539.007149
CI,XOF: CFA franc,2021-01,538.957427
CI,XOF: CFA franc,2021-02,542.207325
CI,XOF: CFA franc,2021-03,551.266666
CI,XOF: CFA franc,2021-04,547.584543
CI,XOF: CFA franc,2021-05,540.064337
CI,XOF: CFA franc,2021-06,544.494106
CI,XOF: CFA franc,2021-07,554.869809
CI,XOF: CFA franc,2021-08,557.226581
CI,XOF: CFA franc,2021-09,557.297594
CI,XOF: CFA franc,2021-10,565.40822
CI,XOF: CFA franc,2021-11,574.692823
CI,XOF: CFA franc,2021-12,580.298669
CI,XOF: CFA franc,2022-01,579.750215
CI,XOF: CFA franc,2022-02,578.348425
CI,XOF: CFA franc,2022-03,595.298655
CI,XOF: CFA franc,2022-04,606.3157
CI,XOF: CFA franc,2022-05,620.085078
CI,XOF: CFA franc,2022-06,620.829347
CI,XOF: CFA franc,2022-07,644.427878
CI,XOF: CFA franc,2022-08,647.639062
CI,XOF: CFA franc,2022-09,662.330425
CI,XOF: CFA franc,2022-10,667.595413
CI,XOF: CFA franc,2022-11,643.014864
CI,XOF: CFA franc,2022-12,619.481348
CI,XOF: CFA franc,2023-01,609.115981
CI,XOF: CFA franc,2023-02,612.180008
CI,XOF: CFA franc,2023-03,612.710308
CI,XOF: CFA franc,2023-04,598.079516
CI,XOF: CFA franc,2023-05,603.595123
CI,XOF: CFA franc,2023-06,605.133996
CI,XOF: CFA franc,2023-07,593.189117
CI,XOF: CFA franc,2023-08,601.306117
CI,XOF: CFA franc,2023-09,613.972945
CI,XOF: CFA franc,2023-10,621.021706
CI,XOF: CFA franc,2023-11,606.905262
CI,XOF: CFA franc,2023-12,601.626922
CI,XOF: CFA franc,2024-01,601.511965
CI,XOF: CFA franc,2024-02,607.664995
CI,XOF: CFA franc,2024-03,603.334192
CI,XOF: CFA franc,2024-04,611.457456
CI,XOF: CFA franc,2024-05,606.680736
CI,XOF: CFA franc,2024-06,609.682127
CI,XOF: CFA franc,2024-07,604.898322
CI,XOF: CFA franc,2024-08,595.664884
CI,XOF: CFA franc,2024-09,590.632991
CI,XOF: CFA franc,2024-10,601.555463
CI,XOF: CFA franc,2024-11,617.07261
CI,XOF: CFA franc,2024-12,625.987833
CI,XOF: CFA franc,2025-01,633.546725
CI,XOF: CFA franc,2025-02,629.970708
CI,XOF: CFA franc,2025-03,606.984882
CI,XOF: CFA franc,2025-04,584.94732
CI,XOF: CFA franc,2025-05,581.622832
CI,XOF: CFA franc,2025-06,569.595476
CI,XOF: CFA franc,2025-07,561.757581
CI,XOF: CFA franc,2025-08,563.952223
CI,XOF: CFA franc,2025-09,559.106966
CI,XOF: CFA franc,2025-10,564.000411
CI,XOF: CFA franc,2025-11,567.427034
CI,XOF: CFA franc,2025-12,560.229743
KE,KES: Kenyan shilling,2013-01,86.899614
KE,KES: Kenyan shilling,2013-02,87.445542
KE,KES: Kenyan shilling,2013-03,85.817642
KE,KES: Kenyan shilling,2013-04,84.189045
KE,KES: Kenyan shilling,2013-05,84.146177
KE,KES: Kenyan shilling,2013-06,85.48845
KE,KES: Kenyan shilling,2013-07,86.859481
KE,KES: Kenyan shilling,2013-08,87.492935
KE,KES: Kenyan shilling,2013-09,87.41287
KE,KES: Kenyan shilling,2013-10,85.310379
KE,KES: Kenyan shilling,2013-11,86.103029
KE,KES: Kenyan shilling,2013-12,86.309383
KE,KES: Kenyan shilling,2014-01,86.2143
KE,KES: Kenyan shilling,2014-02,86.277847
KE,KES: Kenyan shilling,2014-03,86.488743
KE,KES: Kenyan shilling,2014-04,86.716292
KE,KES: Kenyan shilling,2014-05,87.411627
KE,KES: Kenyan shilling,2014-06,87.611577
KE,KES: Kenyan shilling,2014-07,87.769242
KE,KES: Kenyan shilling,2014-08,88.105913
KE,KES: Kenyan shilling,2014-09,88.835909
KE,KES: Kenyan shilling,2014-10,89.22721
KE,KES: Kenyan shilling,2014-11,89.963097
KE,KES: Kenyan shilling,2014-12,90.444208
KE,KES: Kenyan shilling,2015-01,91.35836
KE,KES: Kenyan shilling,2015-02,91.488583
KE,KES: Kenyan shilling,2015-03,91.727386
KE,KES: Kenyan shilling,2015-04,93.437764
KE,KES: Kenyan shilling,2015-05,96.389378
KE,KES: Kenyan shilling,2015-06,97.704908
KE,KES: Kenyan shilling,2015-07,101.196014
KE,KES: Kenyan shilling,2015-08,102.430707
KE,KES: Kenyan shilling,2015-09,105.274811
KE,KES: Kenyan shilling,2015-10,102.779289
KE,KES: Kenyan shilling,2015-11,102.1676
KE,KES: Kenyan shilling,2015-12,102.186639
KE,KES: Kenyan shilling,2016-01,102.312772
KE,KES: Kenyan shilling,2016-02,101.931671
KE,KES: Kenyan shilling,2016-03,101.485392
KE,KES: Kenyan shilling,2016-04,101.228434
KE,KES: Kenyan shilling,2016-05,100.73234
KE,KES: Kenyan shilling,2016-06,101.145
KE,KES: Kenyan shilling,2016-07,101.331569
KE,KES: Kenyan shilling,2016-08,101.410242
KE,KES: Kenyan shilling,2016-09,101.27119
KE,KES: Kenyan shilling,2016-10,101.323403
KE,KES: Kenyan shilling,2016-11,101.748081
KE,KES: Kenyan shilling,2016-12,102.132339
KE,KES: Kenyan shilling,2017-01,103.7468
KE,KES: Kenyan shilling,2017-02,103.6354
KE,KES: Kenyan shilling,2017-03,102.8525
KE,KES: Kenyan shilling,2017-04,103.3254
KE,KES: Kenyan shilling,2017-05,103.2618
KE,KES: Kenyan shilling,2017-06,103.4907
KE,KES: Kenyan shilling,2017-07,103.8771
KE,KES: Kenyan shilling,2017-08,103.5557
KE,KES: Kenyan shilling,2017-09,103.12
KE,KES: Kenyan shilling,2017-10,103.388129
KE,KES: Kenyan shilling,2017-11,103.571217
KE,KES: Kenyan shilling,2017-12,103.095309
KE,KES: Kenyan shilling,2018-01,102.917992
KE,KES: Kenyan shilling,2018-02,101.400194
KE,KES: Kenyan shilling,2018-03,101.180741
KE,KES: Kenyan shilling,2018-04,100.610984
KE,KES: Kenyan shilling,2018-05,100.662891
KE,KES: Kenyan shilling,2018-06,101.003246
KE,KES: Kenyan shilling,2018-07,100.672147
KE,KES: Kenyan shilling,2018-08,100.612778
KE,KES: Kenyan shilling,2018-09,100.833861
KE,KES: Kenyan shilling,2018-10,101.075631
KE,KES: Kenyan shilling,2018-11,102.356616
KE,KES: Kenyan shilling,2018-12,102.291806
KE,KES: Kenyan shilling,2019-01,101.584444
KE,KES: Kenyan shilling,2019-02,100.233694
KE,KES: Kenyan shilling,2019-03,100.361667
KE,KES: Kenyan shilling,2019-04,101.065667
KE,KES: Kenyan shilling,2019-05,101.150669
KE,KES: Kenyan shilling,2019-06,101.688858
KE,KES: Kenyan shilling,2019-07,103.157162
KE,KES: Kenyan shilling,2019-08,103.297923
KE,KES: Kenyan shilling,2019-09,103.800185
KE,KES: Kenyan shilling,2019-10,103.666735
KE,KES: Kenyan shilling,2019-11,102.387507
KE,KES: Kenyan shilling,2019-12,101.501068
KE,KES: Kenyan shilling,2020-01,101.091096
KE,KES: Kenyan shilling,2020-02,100.79483
KE,KES: Kenyan shilling,2020-03,103.740176
KE,KES: Kenyan shilling,2020-04,106.411731
KE,KES: Kenyan shilling,2020-05,106.675698
KE,KES: Kenyan shilling,2020-06,106.403334
KE,KES: Kenyan shilling,2020-07,107.266644
KE,KES: Kenyan shilling,2020-08,108.138473
KE,KES: Kenyan shilling,2020-09,108.407861
KE,KES: Kenyan shilling,2020-10,108.638179
KE,KES: Kenyan shilling,2020-11,109.247787
KE,KES: Kenyan shilling,2020-12,110.593554
KE,KES: Kenyan shilling,2021-01,109.830088
KE,KES: Kenyan shilling,2021-02,109.682721
KE,KES: Kenyan shilling,2021-03,109.729719
KE,KES: Kenyan shilling,2021-04,107.945147
KE,KES: Kenyan shilling,2021-05,107.428912
KE,KES: Kenyan shilling,2021-06,107.808669
KE,KES: Kenyan shilling,2021-07,108.144259
KE,KES: Kenyan shilling,2021-08,109.239439
KE,KES: Kenyan shilling,2021-09,110.151616
KE,KES: Kenyan shilling,2021-10,110.861891
KE,KES: Kenyan shilling,2021-11,111.917166
KE,KES: Kenyan shilling,2021-12,112.913333
KE,KES: Kenyan shilling,2022-01,113.38098
KE,KES: Kenyan shilling,2022-02,113.661735
KE,KES: Kenyan shilling,2022-03,114.315766
KE,KES: Kenyan shilling,2022-04,115.403386
KE,KES: Kenyan shilling,2022-05,116.284397
KE,KES: Kenyan shilling,2022-06,117.29028
KE,KES: Kenyan shilling,2022-07,118.322767
KE,KES: Kenyan shilling,2022-08,119.447193
KE,KES: Kenyan shilling,2022-09,120.42
KE,KES: Kenyan shilling,2022-10,121.030712
KE,KES: Kenyan shilling,2022-11,121.900134
KE,KES: Kenyan shilling,2022-12,122.93452
KE,KES: Kenyan shilling,2023-01,123.92577
KE,KES: Kenyan shilling,2023-02,125.446912
KE,KES: Kenyan shilling,2023-03,129.735934
KE,KES: Kenyan shilling,2023-04,134.395502
KE,KES: Kenyan shilling,2023-05,137.257353
KE,KES: Kenyan shilling,2023-06,139.725441
KE,KES: Kenyan shilling,2023-07,141.448654
KE,KES: Kenyan shilling,2023-08,143.931138
KE,KES: Kenyan shilling,2023-09,146.768937
KE,KES: Kenyan shilling,2023-10,149.397865
KE,KES: Kenyan shilling,2023-11,152.032493
KE,KES: Kenyan shilling,2023-12,154.090607
KE,KES: Kenyan shilling,2024-01,159.694032
KE,KES: Kenyan shilling,2024-02,151.839943
KE,KES: Kenyan shilling,2024-03,137.353665
KE,KES: Kenyan shilling,2024-04,131.56968
KE,KES: Kenyan shilling,2024-05,131.690519
KE,KES: Kenyan shilling,2024-06,129.3613
KE,KES: Kenyan shilling,2024-07,129.871135
KE,KES: Kenyan shilling,2024-08,129.323291
KE,KES: Kenyan shilling,2024-09,129.204438
KE,KES: Kenyan shilling,2024-10,129.1999
KE,KES: Kenyan shilling,2024-11,129.39866
KE,KES: Kenyan shilling,2024-12,129.363237
KE,KES: Kenyan shilling,2025-01,129.3906
KE,KES: Kenyan shilling,2025-02,129.302915
KE,KES: Kenyan shilling,2025-03,129.334805
KE,KES: Kenyan shilling,2025-04,129.51351
KE,KES: Kenyan shilling,2025-05,129.268262
KE,KES: Kenyan shilling,2025-06,129.252763
KE,KES: Kenyan shilling,2025-07,129.2394
KE,KES: Kenyan shilling,2025-08,129.239333
KE,KES: Kenyan shilling,2025-09,129.242077
KE,KES: Kenyan shilling,2025-10,129.23872
TG,XOF: CFA franc,2013-01,493.644458
TG,XOF: CFA franc,2013-02,491.020694
TG,XOF: CFA franc,2013-03,505.999105
TG,XOF: CFA franc,2013-04,503.575157
TG,XOF: CFA franc,2013-05,505.28016
TG,XOF: CFA franc,2013-06,497.361008
TG,XOF: CFA franc,2013-07,501.491176
TG,XOF: CFA franc,2013-08,492.848717
TG,XOF: CFA franc,2013-09,491.430686
TG,XOF: CFA franc,2013-10,481.084776
TG,XOF: CFA franc,2013-11,486.149581
TG,XOF: CFA franc,2013-12,478.674947
TG,XOF: CFA franc,2014-01,481.958888
TG,XOF: CFA franc,2014-02,480.255519
TG,XOF: CFA franc,2014-03,474.556607
TG,XOF: CFA franc,2014-04,474.900995
TG,XOF: CFA franc,2014-05,477.68
TG,XOF: CFA franc,2014-06,482.591683
TG,XOF: CFA franc,2014-07,484.4882
TG,XOF: CFA franc,2014-08,492.604617
TG,XOF: CFA franc,2014-09,508.440052
TG,XOF: CFA franc,2014-10,517.612643
TG,XOF: CFA franc,2014-11,525.93528
TG,XOF: CFA franc,2014-12,531.943288
TG,XOF: CFA franc,2015-01,564.442118
TG,XOF: CFA franc,2015-02,577.953505
TG,XOF: CFA franc,2015-03,605.25582
TG,XOF: CFA franc,2015-04,608.533949
TG,XOF: CFA franc,2015-05,588.325986
TG,XOF: CFA franc,2015-06,584.985022
TG,XOF: CFA franc,2015-07,596.553264
TG,XOF: CFA franc,2015-08,588.880686
TG,XOF: CFA franc,2015-09,584.570334
TG,XOF: CFA franc,2015-10,583.846633
TG,XOF: CFA franc,2015-11,610.988264
TG,XOF: CFA franc,2015-12,603.057861
TG,XOF: CFA franc,2016-01,604.031437
TG,XOF: CFA franc,2016-02,591.327698
TG,XOF: CFA franc,2016-03,590.969999
TG,XOF: CFA franc,2016-04,578.486622
TG,XOF: CFA franc,2016-05,579.923727
TG,XOF: CFA franc,2016-06,584.168056
TG,XOF: CFA franc,2016-07,592.632777
TG,XOF: CFA franc,2016-08,585.062667
TG,XOF: CFA franc,2016-09,585.044311
TG,XOF: CFA franc,2016-10,594.915805
TG,XOF: CFA franc,2016-11,607.426392
TG,XOF: CFA franc,2016-12,622.178626
TG,XOF: CFA franc,2017-01,617.987299
TG,XOF: CFA franc,2017-02,616.347432
TG,XOF: CFA franc,2017-03,613.922026
TG,XOF: CFA franc,2017-04,611.74801
TG,XOF: CFA franc,2017-05,593.223604
TG,XOF: CFA franc,2017-06,584.139681
TG,XOF: CFA franc,2017-07,569.845243
TG,XOF: CFA franc,2017-08,555.578465
TG,XOF: CFA franc,2017-09,550.550227
TG,XOF: CFA franc,2017-10,557.982825
TG,XOF: CFA franc,2017-11,558.831999
TG,XOF: CFA franc,2017-12,554.19511
TG,XOF: CFA franc,2018-01,537.691709
TG,XOF: CFA franc,2018-02,531.233904
TG,XOF: CFA franc,2018-03,531.733845
TG,XOF: CFA franc,2018-04,534.327933
TG,XOF: CFA franc,2018-05,555.320334
TG,XOF: CFA franc,2018-06,561.68946
TG,XOF: CFA franc,2018-07,561.331772
TG,XOF: CFA franc,2018-08,567.979452
TG,XOF: CFA franc,2018-09,562.633055
TG,XOF: CFA franc,2018-10,571.189931
TG,XOF: CFA franc,2018-11,577.07827
TG,XOF: CFA franc,2018-12,576.198937
TG,XOF: CFA franc,2019-01,574.573839
TG,XOF: CFA franc,2019-02,577.877131
TG,XOF: CFA franc,2019-03,580.365744
TG,XOF: CFA franc,2019-04,583.682513
TG,XOF: CFA franc,2019-05,586.482783
TG,XOF: CFA franc,2019-06,580.832167
TG,XOF: CFA franc,2019-07,584.715742
TG,XOF: CFA franc,2019-08,589.559231
TG,XOF: CFA franc,2019-09,596.112938
TG,XOF: CFA franc,2019-10,593.488468
TG,XOF: CFA franc,2019-11,593.575085
TG,XOF: CFA franc,2019-12,590.237055
TG,XOF: CFA franc,2020-01,590.932893
TG,XOF: CFA franc,2020-02,601.519486
TG,XOF: CFA franc,2020-03,592.906757
TG,XOF: CFA franc,2020-04,603.906315
TG,XOF: CFA franc,2020-05,601.693291
TG,XOF: CFA franc,2020-06,582.835045
TG,XOF: CFA franc,2020-07,572.218973
TG,XOF: CFA franc,2020-08,554.575345
TG,XOF: CFA franc,2020-09,556.253599
TG,XOF: CFA franc,2020-10,557.067407
TG,XOF: CFA franc,2020-11,554.115794
TG,XOF: CFA franc,2020-12,539.007149
TG,XOF: CFA franc,2021-01,538.957427
TG,XOF: CFA franc,2021-02,542.207325
TG,XOF: CFA franc,2021-03,551.266666
TG,XOF: CFA franc,2021-04,547.584543
TG,XOF: CFA franc,2021-05,540.064337
TG,XOF: CFA franc,2021-06,544.494106
TG,XOF: CFA franc,2021-07,554.869809
TG,XOF: CFA franc,2021-08,557.226581
TG,XOF: CFA franc,2021-09,557.297594
TG,XOF: CFA franc,2021-10,565.40822
TG,XOF: CFA franc,2021-11,574.692823
TG,XOF: CFA franc,2021-12,580.298669
TG,XOF: CFA franc,2022-01,579.750215
TG,XOF: CFA franc,2022-02,578.348425
TG,XOF: CFA franc,2022-03,595.298655
TG,XOF: CFA franc,2022-04,606.3157
TG,XOF: CFA franc,2022-05,620.085078
TG,XOF: CFA franc,2022-06,620.829347
TG,XOF: CFA franc,2022-07,644.427878
TG,XOF: CFA franc,2022-08,647.639062
TG,XOF: CFA franc,2022-09,662.330425
TG,XOF: CFA franc,2022-10,667.595413
TG,XOF: CFA franc,2022-11,643.014864
TG,XOF: CFA franc,2022-12,619.481348
TG,XOF: CFA franc,2023-01,609.115981
TG,XOF: CFA franc,2023-02,612.180008
TG,XOF: CFA franc,2023-03,612.710308
TG,XOF: CFA franc,2023-04,598.079516
TG,XOF: CFA franc,2023-05,603.595123
TG,XOF: CFA franc,2023-06,605.133996
TG,XOF: CFA franc,2023-07,593.189117
TG,XOF: CFA franc,2023-08,601.306117
TG,XOF: CFA franc,2023-09,613.972945
TG,XOF: CFA franc,2023-10,621.021706
TG,XOF: CFA franc,2023-11,606.905262
TG,XOF: CFA franc,2023-12,601.626922
TG,XOF: CFA franc,2024-01,601.511965
TG,XOF: CFA franc,2024-02,607.664995
TG,XOF: CFA franc,2024-03,603.334192
TG,XOF: CFA franc,2024-04,611.457456
TG,XOF: CFA franc,2024-05,606.680736
TG,XOF: CFA franc,2024-06,609.682127
TG,XOF: CFA franc,2024-07,604.898322
TG,XOF: CFA franc,2024-08,595.664884
TG,XOF: CFA franc,2024-09,590.632991
TG,XOF: CFA franc,2024-10,601.555463
TG,XOF: CFA franc,2024-11,617.07261
TG,XOF: CFA franc,2024-12,625.987833
TG,XOF: CFA franc,2025-01,633.546725
TG,XOF: CFA franc,2025-02,629.970708
TG,XOF: CFA franc,2025-03,606.984882
TG,XOF: CFA franc,2025-04,584.94732
TG,XOF: CFA franc,2025-05,581.622832
TG,XOF: CFA franc,2025-06,569.595476
TG,XOF: CFA franc,2025-07,561.757581
TG,XOF: CFA franc,2025-08,563.952223
TG,XOF: CFA franc,2025-09,559.106966
TG,XOF: CFA franc,2025-10,564.000411
TG,XOF: CFA franc,2025-11,567.427034
TG,XOF: CFA franc,2025-12,560.229743
MY,MYR: Malaysian ringgit,2013-01,3.041156
MY,MYR: Malaysian ringgit,2013-02,3.099219
MY,MYR: Malaysian ringgit,2013-03,3.109372
MY,MYR: Malaysian ringgit,2013-04,3.046756
MY,MYR: Malaysian ringgit,2013-05,3.019645
MY,MYR: Malaysian ringgit,2013-06,3.145739
MY,MYR: Malaysian ringgit,2013-07,3.191467
MY,MYR: Malaysian ringgit,2013-08,3.278119
MY,MYR: Malaysian ringgit,2013-09,3.252609
MY,MYR: Malaysian ringgit,2013-10,3.174526
MY,MYR: Malaysian ringgit,2013-11,3.199859
MY,MYR: Malaysian ringgit,2013-12,3.248507
MY,MYR: Malaysian ringgit,2014-01,3.306747
MY,MYR: Malaysian ringgit,2014-02,3.308985
MY,MYR: Malaysian ringgit,2014-03,3.281666
MY,MYR: Malaysian ringgit,2014-04,3.257161
MY,MYR: Malaysian ringgit,2014-05,3.22861
MY,MYR: Malaysian ringgit,2014-06,3.219462
MY,MYR: Malaysian ringgit,2014-07,3.183328
MY,MYR: Malaysian ringgit,2014-08,3.177274
MY,MYR: Malaysian ringgit,2014-09,3.218749
MY,MYR: Malaysian ringgit,2014-10,3.269706
MY,MYR: Malaysian ringgit,2014-11,3.347237
MY,MYR: Malaysian ringgit,2014-12,3.479291
MY,MYR: Malaysian ringgit,2015-01,3.584231
MY,MYR: Malaysian ringgit,2015-02,3.596873
MY,MYR: Malaysian ringgit,2015-03,3.680966
MY,MYR: Malaysian ringgit,2015-04,3.629513
MY,MYR: Malaysian ringgit,2015-05,3.605002
MY,MYR: Malaysian ringgit,2015-06,3.740998
MY,MYR: Malaysian ringgit,2015-07,3.803729
MY,MYR: Malaysian ringgit,2015-08,4.064607
MY,MYR: Malaysian ringgit,2015-09,4.303348
MY,MYR: Malaysian ringgit,2015-10,4.256716
MY,MYR: Malaysian ringgit,2015-11,4.315102
MY,MYR: Malaysian ringgit,2015-12,4.285323
MY,MYR: Malaysian ringgit,2016-01,4.342897
MY,MYR: Malaysian ringgit,2016-02,4.184109
MY,MYR: Malaysian ringgit,2016-03,4.070045
MY,MYR: Malaysian ringgit,2016-04,3.900795
MY,MYR: Malaysian ringgit,2016-05,4.045661
MY,MYR: Malaysian ringgit,2016-06,4.075335
MY,MYR: Malaysian ringgit,2016-07,4.017946
MY,MYR: Malaysian ringgit,2016-08,4.026261
MY,MYR: Malaysian ringgit,2016-09,4.112328
MY,MYR: Malaysian ringgit,2016-10,4.175685
MY,MYR: Malaysian ringgit,2016-11,4.33965
MY,MYR: Malaysian ringgit,2016-12,4.459465
MY,MYR: Malaysian ringgit,2017-01,4.458064
MY,MYR: Malaysian ringgit,2017-02,4.442866
MY,MYR: Malaysian ringgit,2017-03,4.437613
MY,MYR: Malaysian ringgit,2017-04,4.404426
MY,MYR: Malaysian ringgit,2017-05,4.315264
MY,MYR: Malaysian ringgit,2017-06,4.27848
MY,MYR: Malaysian ringgit,2017-07,4.290613
MY,MYR: Malaysian ringgit,2017-08,4.28396
MY,MYR: Malaysian ringgit,2017-09,4.212627
MY,MYR: Malaysian ringgit,2017-10,4.229041
MY,MYR: Malaysian ringgit,2017-11,4.166549
MY,MYR: Malaysian ringgit,2017-12,4.075471
MY,MYR: Malaysian ringgit,2018-01,3.95556
MY,MYR: Malaysian ringgit,2018-02,3.913207
MY,MYR: Malaysian ringgit,2018-03,3.903566
MY,MYR: Malaysian ringgit,2018-04,3.888385
MY,MYR: Malaysian ringgit,2018-05,3.969843
MY,MYR: Malaysian ringgit,2018-06,4.000436
MY,MYR: Malaysian ringgit,2018-07,4.050007
MY,MYR: Malaysian ringgit,2018-08,4.093609
MY,MYR: Malaysian ringgit,2018-09,4.139862
MY,MYR: Malaysian ringgit,2018-10,4.158965
MY,MYR: Malaysian ringgit,2018-11,4.18312
MY,MYR: Malaysian ringgit,2018-12,4.168859
MY,MYR: Malaysian ringgit,2019-01,4.117049
MY,MYR: Malaysian ringgit,2019-02,4.076397
MY,MYR: Malaysian ringgit,2019-03,4.077929
MY,MYR: Malaysian ringgit,2019-04,4.1143
MY,MYR: Malaysian ringgit,2019-05,4.172261
MY,MYR: Malaysian ringgit,2019-06,4.158957
MY,MYR: Malaysian ringgit,2019-07,4.123402
MY,MYR: Malaysian ringgit,2019-08,4.188175
MY,MYR: Malaysian ringgit,2019-09,4.185421
MY,MYR: Malaysian ringgit,2019-10,4.187577
MY,MYR: Malaysian ringgit,2019-11,4.156857
MY,MYR: Malaysian ringgit,2019-12,4.147562
MY,MYR: Malaysian ringgit,2020-01,4.079003
MY,MYR: Malaysian ringgit,2020-02,4.162584
MY,MYR: Malaysian ringgit,2020-03,4.299159
MY,MYR: Malaysian ringgit,2020-04,4.355318
MY,MYR: Malaysian ringgit,2020-05,4.341507
MY,MYR: Malaysian ringgit,2020-06,4.275424
MY,MYR: Malaysian ringgit,2020-07,4.264026
MY,MYR: Malaysian ringgit,2020-08,4.185477
MY,MYR: Malaysian ringgit,2020-09,4.149725
MY,MYR: Malaysian ringgit,2020-10,4.152027
MY,MYR: Malaysian ringgit,2020-11,4.111809
MY,MYR: Malaysian ringgit,2020-12,4.056244
MY,MYR: Malaysian ringgit,2021-01,4.038734
MY,MYR: Malaysian ringgit,2021-02,4.045674
MY,MYR: Malaysian ringgit,2021-03,4.110374
MY,MYR: Malaysian ringgit,2021-04,4.120415
MY,MYR: Malaysian ringgit,2021-05,4.128224
MY,MYR: Malaysian ringgit,2021-06,4.134572
MY,MYR: Malaysian ringgit,2021-07,4.202454
MY,MYR: Malaysian ringgit,2021-08,4.21861
MY,MYR: Malaysian ringgit,2021-09,4.167705
MY,MYR: Malaysian ringgit,2021-10,4.163899
MY,MYR: Malaysian ringgit,2021-11,4.178865
MY,MYR: Malaysian ringgit,2021-12,4.210906
MY,MYR: Malaysian ringgit,2022-01,4.189757
MY,MYR: Malaysian ringgit,2022-02,4.187372
MY,MYR: Malaysian ringgit,2022-03,4.199719
MY,MYR: Malaysian ringgit,2022-04,4.271769
MY,MYR: Malaysian ringgit,2022-05,4.380946
MY,MYR: Malaysian ringgit,2022-06,4.40073
MY,MYR: Malaysian ringgit,2022-07,4.440392
MY,MYR: Malaysian ringgit,2022-08,4.466128
MY,MYR: Malaysian ringgit,2022-09,4.54491
MY,MYR: Malaysian ringgit,2022-10,4.694445
MY,MYR: Malaysian ringgit,2022-11,4.609436
MY,MYR: Malaysian ringgit,2022-12,4.412306
MY,MYR: Malaysian ringgit,2023-01,4.326784
MY,MYR: Malaysian ringgit,2023-02,4.367828
MY,MYR: Malaysian ringgit,2023-03,4.466693
MY,MYR: Malaysian ringgit,2023-04,4.427576
MY,MYR: Malaysian ringgit,2023-05,4.520434
MY,MYR: Malaysian ringgit,2023-06,4.63159
MY,MYR: Malaysian ringgit,2023-07,4.590215
MY,MYR: Malaysian ringgit,2023-08,4.61062
MY,MYR: Malaysian ringgit,2023-09,4.682362
MY,MYR: Malaysian ringgit,2023-10,4.747077
MY,MYR: Malaysian ringgit,2023-11,4.68807
MY,MYR: Malaysian ringgit,2023-12,4.661791
MY,MYR: Malaysian ringgit,2024-01,4.686432
MY,MYR: Malaysian ringgit,2024-02,4.767885
MY,MYR: Malaysian ringgit,2024-03,4.715982
MY,MYR: Malaysian ringgit,2024-04,4.767077
MY,MYR: Malaysian ringgit,2024-05,4.714278
MY,MYR: Malaysian ringgit,2024-06,4.71053
MY,MYR: Malaysian ringgit,2024-07,4.678803
MY,MYR: Malaysian ringgit,2024-08,4.414268
MY,MYR: Malaysian ringgit,2024-09,4.263065
MY,MYR: Malaysian ringgit,2024-10,4.299945
MY,MYR: Malaysian ringgit,2024-11,4.43507
MY,MYR: Malaysian ringgit,2024-12,4.459456
MY,MYR: Malaysian ringgit,2025-01,4.465488
MY,MYR: Malaysian ringgit,2025-02,4.442869
MY,MYR: Malaysian ringgit,2025-03,4.435013
MY,MYR: Malaysian ringgit,2025-04,4.415716
MY,MYR: Malaysian ringgit,2025-05,4.264257
MY,MYR: Malaysian ringgit,2025-06,4.241762
MY,MYR: Malaysian ringgit,2025-07,4.23597
MY,MYR: Malaysian ringgit,2025-08,4.227054
MY,MYR: Malaysian ringgit,2025-09,4.212088
MY,MYR: Malaysian ringgit,2025-10,4.215481
MY,MYR: Malaysian ringgit,2025-11,4.154087
MY,MYR: Malaysian ringgit,2025-12,4.092745
MY,MYR: Malaysian ringgit,2026-01,4.026802
TZ,TZS: Tanzanian shilling,2013-01,1576.87
TZ,TZS: Tanzanian shilling,2013-02,1586.73
TZ,TZS: Tanzanian shilling,2013-03,1586.78
TZ,TZS: Tanzanian shilling,2013-04,1590.83
TZ,TZS: Tanzanian shilling,2013-05,1595.24
TZ,TZS: Tanzanian shilling,2013-06,1601.17
TZ,TZS: Tanzanian shilling,2013-07,1609.52
TZ,TZS: Tanzanian shilling,2013-08,1611.88
TZ,TZS: Tanzanian shilling,2013-09,1609.36
TZ,TZS: Tanzanian shilling,2013-10,1603.54
TZ,TZS: Tanzanian shilling,2013-11,1604.6
TZ,TZS: Tanzanian shilling,2013-12,1594.15
TZ,TZS: Tanzanian shilling,2014-01,1602.94
TZ,TZS: Tanzanian shilling,2014-02,1617.77
TZ,TZS: Tanzanian shilling,2014-03,1626.38
TZ,TZS: Tanzanian shilling,2014-04,1629.27
TZ,TZS: Tanzanian shilling,2014-05,1639.16
TZ,TZS: Tanzanian shilling,2014-06,1650.97
TZ,TZS: Tanzanian shilling,2014-07,1655.88
TZ,TZS: Tanzanian shilling,2014-08,1657.55
TZ,TZS: Tanzanian shilling,2014-09,1661.69
TZ,TZS: Tanzanian shilling,2014-10,1674.64
TZ,TZS: Tanzanian shilling,2014-11,1706.47
TZ,TZS: Tanzanian shilling,2014-12,1716.05
TZ,TZS: Tanzanian shilling,2015-01,1739.2
TZ,TZS: Tanzanian shilling,2015-02,1759.63
TZ,TZS: Tanzanian shilling,2015-03,1788.92
TZ,TZS: Tanzanian shilling,2015-04,1805.61
TZ,TZS: Tanzanian shilling,2015-05,1946.47
TZ,TZS: Tanzanian shilling,2015-06,2060.21
TZ,TZS: Tanzanian shilling,2015-07,2075.32
TZ,TZS: Tanzanian shilling,2015-08,2107.19
TZ,TZS: Tanzanian shilling,2015-09,2152.85
TZ,TZS: Tanzanian shilling,2015-10,2168.7
TZ,TZS: Tanzanian shilling,2015-11,2148.34
TZ,TZS: Tanzanian shilling,2015-12,2144.25
TZ,TZS: Tanzanian shilling,2016-01,2172.38
TZ,TZS: Tanzanian shilling,2016-02,2177.83
TZ,TZS: Tanzanian shilling,2016-03,2179.16
TZ,TZS: Tanzanian shilling,2016-04,2181.77
TZ,TZS: Tanzanian shilling,2016-05,2181.67
TZ,TZS: Tanzanian shilling,2016-06,2182.34
TZ,TZS: Tanzanian shilling,2016-07,2179.97
TZ,TZS: Tanzanian shilling,2016-08,2177.89
TZ,TZS: Tanzanian shilling,2016-09,2174.03
TZ,TZS: Tanzanian shilling,2016-10,2175.49
TZ,TZS: Tanzanian shilling,2016-11,2172.07
TZ,TZS: Tanzanian shilling,2016-12,2170.44
TZ,TZS: Tanzanian shilling,2017-01,2205.95
TZ,TZS: Tanzanian shilling,2017-02,2225.32
TZ,TZS: Tanzanian shilling,2017-03,2225.45
TZ,TZS: Tanzanian shilling,2017-04,2226.07
TZ,TZS: Tanzanian shilling,2017-05,2228.74
TZ,TZS: Tanzanian shilling,2017-06,2230.45
TZ,TZS: Tanzanian shilling,2017-07,2231.3
TZ,TZS: Tanzanian shilling,2017-08,2232.43
TZ,TZS: Tanzanian shilling,2017-09,2236.45
TZ,TZS: Tanzanian shilling,2017-10,2238.03
TZ,TZS: Tanzanian shilling,2017-11,2234.92
TZ,TZS: Tanzanian shilling,2017-12,2231.17
TZ,TZS: Tanzanian shilling,2018-01,2234.74
TZ,TZS: Tanzanian shilling,2018-02,2242.42
TZ,TZS: Tanzanian shilling,2018-03,2246.57
TZ,TZS: Tanzanian shilling,2018-04,2256.87
TZ,TZS: Tanzanian shilling,2018-05,2264.57
TZ,TZS: Tanzanian shilling,2018-06,2264.97
TZ,TZS: Tanzanian shilling,2018-07,2267.69
TZ,TZS: Tanzanian shilling,2018-08,2273.69
TZ,TZS: Tanzanian shilling,2018-09,2276.09
TZ,TZS: Tanzanian shilling,2018-10,2278.5
TZ,TZS: Tanzanian shilling,2018-11,2279.31
TZ,TZS: Tanzanian shilling,2018-12,2279.96
TZ,TZS: Tanzanian shilling,2019-01,2282.37
TZ,TZS: Tanzanian shilling,2019-02,2285.39
TZ,TZS: Tanzanian shilling,2019-03,2289.1
TZ,TZS: Tanzanian shilling,2019-04,2289.54
TZ,TZS: Tanzanian shilling,2019-05,2288.12
TZ,TZS: Tanzanian shilling,2019-06,2289.23
TZ,TZS: Tanzanian shilling,2019-07,2289.08
TZ,TZS: Tanzanian shilling,2019-08,2289.09
TZ,TZS: Tanzanian shilling,2019-09,2289.36
TZ,TZS: Tanzanian shilling,2019-10,2289.36
TZ,TZS: Tanzanian shilling,2019-11,2289.2
TZ,TZS: Tanzanian shilling,2019-12,2288.64
TZ,TZS: Tanzanian shilling,2020-01,2288.55
TZ,TZS: Tanzanian shilling,2020-02,2289.51
TZ,TZS: Tanzanian shilling,2020-03,2289.371456
TZ,TZS: Tanzanian shilling,2020-04,2290.722319
TZ,TZS: Tanzanian shilling,2020-05,2291.589059
TZ,TZS: Tanzanian shilling,2020-06,2293.848274
TZ,TZS: Tanzanian shilling,2020-07,2297.638487
TZ,TZS: Tanzanian shilling,2020-08,2297.687291
TZ,TZS: Tanzanian shilling,2020-09,2297.611823
TZ,TZS: Tanzanian shilling,2020-10,2297.636342
TZ,TZS: Tanzanian shilling,2020-11,2297.688713
TZ,TZS: Tanzanian shilling,2020-12,2297.900042
TZ,TZS: Tanzanian shilling,2021-01,2298.401483
TZ,TZS: Tanzanian shilling,2021-02,2298.521072
TZ,TZS: Tanzanian shilling,2021-03,2298.527871
TZ,TZS: Tanzanian shilling,2021-04,2298.512946
TZ,TZS: Tanzanian shilling,2021-05,2298.540973
TZ,TZS: Tanzanian shilling,2021-06,2298.742561
TZ,TZS: Tanzanian shilling,2021-07,2299.13253
TZ,TZS: Tanzanian shilling,2021-08,2299.370347
TZ,TZS: Tanzanian shilling,2021-09,2299.131082
TZ,TZS: Tanzanian shilling,2021-10,2295.23932
TZ,TZS: Tanzanian shilling,2021-11,2293.091132
TZ,TZS: Tanzanian shilling,2021-12,2295.9594
TZ,TZS: Tanzanian shilling,2022-01,2297.903644
TZ,TZS: Tanzanian shilling,2022-02,2298.174795
TZ,TZS: Tanzanian shilling,2022-03,2298.450142
TZ,TZS: Tanzanian shilling,2022-04,2298.703663
TZ,TZS: Tanzanian shilling,2022-05,2299.860408
TZ,TZS: Tanzanian shilling,2022-06,2302.396202
TZ,TZS: Tanzanian shilling,2022-07,2304.435646
TZ,TZS: Tanzanian shilling,2022-08,2304.743614
TZ,TZS: Tanzanian shilling,2022-09,2306.445
TZ,TZS: Tanzanian shilling,2022-10,2308.198
TZ,TZS: Tanzanian shilling,2022-11,2308.372
TZ,TZS: Tanzanian shilling,2022-12,2308.721
TZ,TZS: Tanzanian shilling,2023-01,2309.125
TZ,TZS: Tanzanian shilling,2023-02,2309.618
TZ,TZS: Tanzanian shilling,2023-03,2310.588
TZ,TZS: Tanzanian shilling,2023-04,2312.489
TZ,TZS: Tanzanian shilling,2023-05,2316.18
TZ,TZS: Tanzanian shilling,2023-06,2322.893
TZ,TZS: Tanzanian shilling,2023-07,2347.115
TZ,TZS: Tanzanian shilling,2023-08,2428.097
TZ,TZS: Tanzanian shilling,2023-09,2463.737
TZ,TZS: Tanzanian shilling,2023-10,2482.578
TZ,TZS: Tanzanian shilling,2023-11,2490.588
TZ,TZS: Tanzanian shilling,2023-12,2503.503
TZ,TZS: Tanzanian shilling,2024-01,2508.102
TZ,TZS: Tanzanian shilling,2024-02,2526.181
TZ,TZS: Tanzanian shilling,2024-03,2545.392
TZ,TZS: Tanzanian shilling,2024-04,2571.241
TZ,TZS: Tanzanian shilling,2024-05,2587.399
TZ,TZS: Tanzanian shilling,2024-06,2610.604
TZ,TZS: Tanzanian shilling,2024-07,2641.853
TZ,TZS: Tanzanian shilling,2024-08,2678.158
TZ,TZS: Tanzanian shilling,2024-09,2694.459
TZ,TZS: Tanzanian shilling,2024-10,2715.008
TZ,TZS: Tanzanian shilling,2024-11,2647.144
TZ,TZS: Tanzanian shilling,2024-12,2449.264
TZ,TZS: Tanzanian shilling,2025-01,2449.766
TZ,TZS: Tanzanian shilling,2025-02,2556.115
TZ,TZS: Tanzanian shilling,2025-03,2621.265
TZ,TZS: Tanzanian shilling,2025-04,2667.742
BR,BRL: Brazilian real,2013-01,2.0314625620259
BR,BRL: Brazilian real,2013-02,1.9727232179785
BR,BRL: Brazilian real,2013-03,1.9820854334215
BR,BRL: Brazilian real,2013-04,2.0006528094887
BR,BRL: Brazilian real,2013-05,2.0347789109269
BR,BRL: Brazilian real,2013-06,2.1695726380838
BR,BRL: Brazilian real,2013-07,2.2505913189156
BR,BRL: Brazilian real,2013-08,2.341832800023
BR,BRL: Brazilian real,2013-09,2.2739211113327
BR,BRL: Brazilian real,2013-10,2.1900151606184
BR,BRL: Brazilian real,2013-11,2.2945063034462
BR,BRL: Brazilian real,2013-12,2.344912521272
BR,BRL: Brazilian real,2014-01,2.3832626757078
BR,BRL: Brazilian real,2014-02,2.3855439046772
BR,BRL: Brazilian real,2014-03,2.3285450188695
BR,BRL: Brazilian real,2014-04,2.2345014873525
BR,BRL: Brazilian real,2014-05,2.2219457726102
BR,BRL: Brazilian real,2014-06,2.2356518716544
BR,BRL: Brazilian real,2014-07,2.2238618851942
BR,BRL: Brazilian real,2014-08,2.2693046490444
BR,BRL: Brazilian real,2014-09,2.3329269894693
BR,BRL: Brazilian real,2014-10,2.4475863891587
BR,BRL: Brazilian real,2014-11,2.5520052712871
BR,BRL: Brazilian real,2014-12,2.6355499055192
BR,BRL: Brazilian real,2015-01,2.6358326420225
BR,BRL: Brazilian real,2015-02,2.8175556773383
BR,BRL: Brazilian real,2015-03,3.1385799010386
BR,BRL: Brazilian real,2015-04,3.0433493791172
BR,BRL: Brazilian real,2015-05,3.0594869585264
BR,BRL: Brazilian real,2015-06,3.1162740937041
BR,BRL: Brazilian real,2015-07,3.219914419124
BR,BRL: Brazilian real,2015-08,3.5113855917684
BR,BRL: Brazilian real,2015-09,3.8914637843793
BR,BRL: Brazilian real,2015-10,3.8809629120242
BR,BRL: Brazilian real,2015-11,3.7815427110754
BR,BRL: Brazilian real,2015-12,3.8744362480109
BR,BRL: Brazilian real,2016-01,4.0535649797724
BR,BRL: Brazilian real,2016-02,3.9624047588824
BR,BRL: Brazilian real,2016-03,3.7124721498361
BR,BRL: Brazilian real,2016-04,3.5604721222523
BR,BRL: Brazilian real,2016-05,3.5351819698493
BR,BRL: Brazilian real,2016-06,3.4347843631912
BR,BRL: Brazilian real,2016-07,3.2762514980816
BR,BRL: Brazilian real,2016-08,3.2093390984191
BR,BRL: Brazilian real,2016-09,3.249680925171
BR,BRL: Brazilian real,2016-10,3.1883239661074
BR,BRL: Brazilian real,2016-11,3.3401919688355
BR,BRL: Brazilian real,2016-12,3.35769364736
BR,BRL: Brazilian real,2017-01,3.1968318794711
BR,BRL: Brazilian real,2017-02,3.1027218500603
BR,BRL: Brazilian real,2017-03,3.1272834819824
BR,BRL: Brazilian real,2017-04,3.1352884183189
BR,BRL: Brazilian real,2017-05,3.203095889427
BR,BRL: Brazilian real,2017-06,3.2903251445468
BR,BRL: Brazilian real,2017-07,3.2087242209277
BR,BRL: Brazilian real,2017-08,3.1508402940358
BR,BRL: Brazilian real,2017-09,3.1321567646342
BR,BRL: Brazilian real,2017-10,3.1902909050619
BR,BRL: Brazilian real,2017-11,3.2584298121231
BR,BRL: Brazilian real,2017-12,3.2899446005119
BR,BRL: Brazilian real,2018-01,3.2111915703481
BR,BRL: Brazilian real,2018-02,3.2484087158376
BR,BRL: Brazilian real,2018-03,3.2770126857265
BR,BRL: Brazilian real,2018-04,3.4063809539004
BR,BRL: Brazilian real,2018-05,3.6334777818777
BR,BRL: Brazilian real,2018-06,3.7718761151126
BR,BRL: Brazilian real,2018-07,3.8307757239226
BR,BRL: Brazilian real,2018-08,3.9270197984811
BR,BRL: Brazilian real,2018-09,4.1183059615851
BR,BRL: Brazilian real,2018-10,3.7653594009232
BR,BRL: Brazilian real,2018-11,3.7806045926306
BR,BRL: Brazilian real,2018-12,3.8838103866014
BR,BRL: Brazilian real,2019-01,3.7403570425973
BR,BRL: Brazilian real,2019-02,3.7207584317113
BR,BRL: Brazilian real,2019-03,3.8373466858651
BR,BRL: Brazilian real,2019-04,3.8921592952956
BR,BRL: Brazilian real,2019-05,4.0053216968699
BR,BRL: Brazilian real,2019-06,3.8607960838101
BR,BRL: Brazilian real,2019-07,3.7808934777374
BR,BRL: Brazilian real,2019-08,4.0131659207367
BR,BRL: Brazilian real,2019-09,4.1174294469929
BR,BRL: Brazilian real,2019-10,4.0908103387789
BR,BRL: Brazilian real,2019-11,4.1537850557209
BR,BRL: Brazilian real,2019-12,4.1123160370588
BR,BRL: Brazilian real,2020-01,4.1460397448803
BR,BRL: Brazilian real,2020-02,4.3401819593929
BR,BRL: Brazilian real,2020-03,4.8827164087736
BR,BRL: Brazilian real,2020-04,5.3222656462958
BR,BRL: Brazilian real,2020-05,5.642320331754
BR,BRL: Brazilian real,2020-06,5.1876453968027
BR,BRL: Brazilian real,2020-07,5.2867547211441
BR,BRL: Brazilian real,2020-08,5.4429875937952
BR,BRL: Brazilian real,2020-09,5.3993237734471
BR,BRL: Brazilian real,2020-10,5.6195590242518
BR,BRL: Brazilian real,2020-11,5.434421949482
BR,BRL: Brazilian real,2020-12,5.1487267495395
BR,BRL: Brazilian real,2021-01,5.3491530474326
BR,BRL: Brazilian real,2021-02,5.4086250665861
BR,BRL: Brazilian real,2021-03,5.6516362290153
BR,BRL: Brazilian real,2021-04,5.5574342922262
BR,BRL: Brazilian real,2021-05,5.3075166242125
BR,BRL: Brazilian real,2021-06,5.0374958152659
BR,BRL: Brazilian real,2021-07,5.1541435401419
BR,BRL: Brazilian real,2021-08,5.2572350404414
BR,BRL: Brazilian real,2021-09,5.2650485299421
BR,BRL: Brazilian real,2021-10,5.5340771516371
BR,BRL: Brazilian real,2021-11,5.5575299853494
BR,BRL: Brazilian real,2021-12,5.6477515684295
BR,BRL: Brazilian real,2022-01,5.5388962010842
BR,BRL: Brazilian real,2022-02,5.1931296344771
BR,BRL: Brazilian real,2022-03,4.9809689486462
BR,BRL: Brazilian real,2022-04,4.7470713190819
BR,BRL: Brazilian real,2022-05,4.9602248051027
BR,BRL: Brazilian real,2022-06,5.0373925350403
BR,BRL: Brazilian real,2022-07,5.3758026775898
BR,BRL: Brazilian real,2022-08,5.1448155194335
BR,BRL: Brazilian real,2022-09,5.2305491571371
BR,BRL: Brazilian real,2022-10,5.2572963440445
BR,BRL: Brazilian real,2022-11,5.2764826545196
BR,BRL: Brazilian real,2022-12,5.2497355000777
BR,BRL: Brazilian real,2023-01,5.205512413885
BR,BRL: Brazilian real,2023-02,5.1694195753813
BR,BRL: Brazilian real,2023-03,5.210784364236
BR,BRL: Brazilian real,2023-04,5.0143699139007
BR,BRL: Brazilian real,2023-05,4.9775006924641
BR,BRL: Brazilian real,2023-06,4.8617694042894
BR,BRL: Brazilian real,2023-07,4.8019685641
BR,BRL: Brazilian real,2023-08,4.8976506996807
BR,BRL: Brazilian real,2023-09,4.9393470727356
BR,BRL: Brazilian real,2023-10,5.0659930924399
BR,BRL: Brazilian real,2023-11,4.9004391961717
BR,BRL: Brazilian real,2023-12,4.9005693984696
BR,BRL: Brazilian real,2024-01,4.9123181198949
BR,BRL: Brazilian real,2024-02,4.9616358396219
BR,BRL: Brazilian real,2024-03,4.9812503057786
BR,BRL: Brazilian real,2024-04,5.1250569556373
BR,BRL: Brazilian real,2024-05,5.1356694524459
BR,BRL: Brazilian real,2024-06,5.3804878545471
BR,BRL: Brazilian real,2024-07,5.5380668468977
BR,BRL: Brazilian real,2024-08,5.5573913762851
BR,BRL: Brazilian real,2024-09,5.5404434376777
BR,BRL: Brazilian real,2024-10,5.6128442532334
BR,BRL: Brazilian real,2024-11,5.8073073711908
BR,BRL: Brazilian real,2024-12,6.0929764753434
BR,BRL: Brazilian real,2025-01,6.0280921900016
BR,BRL: Brazilian real,2025-02,5.7675457144741
BR,BRL: Brazilian real,2025-03,5.7716044344553
BR,BRL: Brazilian real,2025-04,5.7750555562544
BR,BRL: Brazilian real,2025-05,5.6705029111124
BR,BRL: Brazilian real,2025-06,5.5501806203475
BR,BRL: Brazilian real,2025-07,5.5335684537459
BR,BRL: Brazilian real,2025-08,5.4543702928959
BR,BRL: Brazilian real,2025-09,5.3711510751076
BR,BRL: Brazilian real,2025-10,5.3837385078737
BR,BRL: Brazilian real,2025-11,5.3397610749461
BR,BRL: Brazilian real,2025-12,5.4492004549248
BR,BRL: Brazilian real,2026-01,5.3399261202311
BF,XOF: CFA franc,2013-01,493.644458
BF,XOF: CFA franc,2013-02,491.020694
BF,XOF: CFA franc,2013-03,505.999105
BF,XOF: CFA franc,2013-04,503.575157
BF,XOF: CFA franc,2013-05,505.28016
BF,XOF: CFA franc,2013-06,497.361008
BF,XOF: CFA franc,2013-07,501.491176
BF,XOF: CFA franc,2013-08,492.848717
BF,XOF: CFA franc,2013-09,491.430686
BF,XOF: CFA franc,2013-10,481.084776
BF,XOF: CFA franc,2013-11,486.149581
BF,XOF: CFA franc,2013-12,478.674947
BF,XOF: CFA franc,2014-01,481.958888
BF,XOF: CFA franc,2014-02,480.255519
BF,XOF: CFA franc,2014-03,474.556607
BF,XOF: CFA franc,2014-04,474.900995
BF,XOF: CFA franc,2014-05,477.68
BF,XOF: CFA franc,2014-06,482.591683
BF,XOF: CFA franc,2014-07,484.4882
BF,XOF: CFA franc,2014-08,492.604617
BF,XOF: CFA franc,2014-09,508.440052
BF,XOF: CFA franc,2014-10,517.612643
BF,XOF: CFA franc,2014-11,525.93528
BF,XOF: CFA franc,2014-12,531.943288
BF,XOF: CFA franc,2015-01,564.442118
BF,XOF: CFA franc,2015-02,577.953505
BF,XOF: CFA franc,2015-03,605.25582
BF,XOF: CFA franc,2015-04,608.533949
BF,XOF: CFA franc,2015-05,588.325986
BF,XOF: CFA franc,2015-06,584.985022
BF,XOF: CFA franc,2015-07,596.553264
BF,XOF: CFA franc,2015-08,588.880686
BF,XOF: CFA franc,2015-09,584.570334
BF,XOF: CFA franc,2015-10,583.846633
BF,XOF: CFA franc,2015-11,610.988264
BF,XOF: CFA franc,2015-12,603.057861
BF,XOF: CFA franc,2016-01,604.031437
BF,XOF: CFA franc,2016-02,591.327698
BF,XOF: CFA franc,2016-03,590.969999
BF,XOF: CFA franc,2016-04,578.486622
BF,XOF: CFA franc,2016-05,579.923727
BF,XOF: CFA franc,2016-06,584.168056
BF,XOF: CFA franc,2016-07,592.632777
BF,XOF: CFA franc,2016-08,585.062667
BF,XOF: CFA franc,2016-09,585.044311
BF,XOF: CFA franc,2016-10,594.915805
BF,XOF: CFA franc,2016-11,607.426392
BF,XOF: CFA franc,2016-12,622.178626
BF,XOF: CFA franc,2017-01,617.987299
BF,XOF: CFA franc,2017-02,616.347432
BF,XOF: CFA franc,2017-03,613.922026
BF,XOF: CFA franc,2017-04,611.74801
BF,XOF: CFA franc,2017-05,593.223604
BF,XOF: CFA franc,2017-06,584.139681
BF,XOF: CFA franc,2017-07,569.845243
BF,XOF: CFA franc,2017-08,555.578465
BF,XOF: CFA franc,2017-09,550.550227
BF,XOF: CFA franc,2017-10,557.982825
BF,XOF: CFA franc,2017-11,558.831999
BF,XOF: CFA franc,2017-12,554.19511
BF,XOF: CFA franc,2018-01,537.691709
BF,XOF: CFA franc,2018-02,531.233904
BF,XOF: CFA franc,2018-03,531.733845
BF,XOF: CFA franc,2018-04,534.327933
BF,XOF: CFA franc,2018-05,555.320334
BF,XOF: CFA franc,2018-06,561.68946
BF,XOF: CFA franc,2018-07,561.331772
BF,XOF: CFA franc,2018-08,567.979452
BF,XOF: CFA franc,2018-09,562.633055
BF,XOF: CFA franc,2018-10,571.189931
BF,XOF: CFA franc,2018-11,577.07827
BF,XOF: CFA franc,2018-12,576.198937
BF,XOF: CFA franc,2019-01,574.573839
BF,XOF: CFA franc,2019-02,577.877131
BF,XOF: CFA franc,2019-03,580.365744
BF,XOF: CFA franc,2019-04,583.682513
BF,XOF: CFA franc,2019-05,586.482783
BF,XOF: CFA franc,2019-06,580.832167
BF,XOF: CFA franc,2019-07,584.715742
BF,XOF: CFA franc,2019-08,589.559231
BF,XOF: CFA franc,2019-09,596.112938
BF,XOF: CFA franc,2019-10,593.488468
BF,XOF: CFA franc,2019-11,593.575085
BF,XOF: CFA franc,2019-12,590.237055
BF,XOF: CFA franc,2020-01,590.932893
BF,XOF: CFA franc,2020-02,601.519486
BF,XOF: CFA franc,2020-03,592.906757
BF,XOF: CFA franc,2020-04,603.906315
BF,XOF: CFA franc,2020-05,601.693291
BF,XOF: CFA franc,2020-06,582.835045
BF,XOF: CFA franc,2020-07,572.218973
BF,XOF: CFA franc,2020-08,554.575345
BF,XOF: CFA franc,2020-09,556.253599
BF,XOF: CFA franc,2020-10,557.067407
BF,XOF: CFA franc,2020-11,554.115794
BF,XOF: CFA franc,2020-12,539.007149
BF,XOF: CFA franc,2021-01,538.957427
BF,XOF: CFA franc,2021-02,542.207325
BF,XOF: CFA franc,2021-03,551.266666
BF,XOF: CFA franc,2021-04,547.584543
BF,XOF: CFA franc,2021-05,540.064337
BF,XOF: CFA franc,2021-06,544.494106
BF,XOF: CFA franc,2021-07,554.869809
BF,XOF: CFA franc,2021-08,557.226581
BF,XOF: CFA franc,2021-09,557.297594
BF,XOF: CFA franc,2021-10,565.40822
BF,XOF: CFA franc,2021-11,574.692823
BF,XOF: CFA franc,2021-12,580.298669
BF,XOF: CFA franc,2022-01,579.750215
BF,XOF: CFA franc,2022-02,578.348425
BF,XOF: CFA franc,2022-03,595.298655
BF,XOF: CFA franc,2022-04,606.3157
BF,XOF: CFA franc,2022-05,620.085078
BF,XOF: CFA franc,2022-06,620.829347
BF,XOF: CFA franc,2022-07,644.427878
BF,XOF: CFA franc,2022-08,647.639062
BF,XOF: CFA franc,2022-09,662.330425
BF,XOF: CFA franc,2022-10,667.595413
BF,XOF: CFA franc,2022-11,643.014864
BF,XOF: CFA franc,2022-12,619.481348
BF,XOF: CFA franc,2023-01,609.115981
BF,XOF: CFA franc,2023-02,612.180008
BF,XOF: CFA franc,2023-03,612.710308
BF,XOF: CFA franc,2023-04,598.079516
BF,XOF: CFA franc,2023-05,603.595123
BF,XOF: CFA franc,2023-06,605.133996
BF,XOF: CFA franc,2023-07,593.189117
BF,XOF: CFA franc,2023-08,601.306117
BF,XOF: CFA franc,2023-09,613.972945
BF,XOF: CFA franc,2023-10,621.021706
BF,XOF: CFA franc,2023-11,606.905262
BF,XOF: CFA franc,2023-12,601.626922
BF,XOF: CFA franc,2024-01,601.511965
BF,XOF: CFA franc,2024-02,607.664995
BF,XOF: CFA franc,2024-03,603.334192
BF,XOF: CFA franc,2024-04,611.457456
BF,XOF: CFA franc,2024-05,606.680736
BF,XOF: CFA franc,2024-06,609.682127
BF,XOF: CFA franc,2024-07,604.898322
BF,XOF: CFA franc,2024-08,595.664884
BF,XOF: CFA franc,2024-09,590.632991
BF,XOF: CFA franc,2024-10,601.555463
BF,XOF: CFA franc,2024-11,617.07261
BF,XOF: CFA franc,2024-12,625.987833
BF,XOF: CFA franc,2025-01,633.546725
BF,XOF: CFA franc,2025-02,629.970708
BF,XOF: CFA franc,2025-03,606.984882
BF,XOF: CFA franc,2025-04,584.94732
BF,XOF: CFA franc,2025-05,581.622832
BF,XOF: CFA franc,2025-06,569.595476
BF,XOF: CFA franc,2025-07,561.757581
BF,XOF: CFA franc,2025-08,563.952223
BF,XOF: CFA franc,2025-09,559.106966
BF,XOF: CFA franc,2025-10,564.000411
BF,XOF: CFA franc,2025-11,567.427034
BF,XOF: CFA franc,2025-12,560.229743
LK,LKR: Sri Lanka rupee,2013-01,126.72
LK,LKR: Sri Lanka rupee,2013-02,126.734211
LK,LKR: Sri Lanka rupee,2013-03,126.700476
LK,LKR: Sri Lanka rupee,2013-04,125.967273
LK,LKR: Sri Lanka rupee,2013-05,126.243182
LK,LKR: Sri Lanka rupee,2013-06,127.9125
LK,LKR: Sri Lanka rupee,2013-07,131.134545
LK,LKR: Sri Lanka rupee,2013-08,131.968182
LK,LKR: Sri Lanka rupee,2013-09,132.3465
LK,LKR: Sri Lanka rupee,2013-10,130.995455
LK,LKR: Sri Lanka rupee,2013-11,131.089474
LK,LKR: Sri Lanka rupee,2013-12,130.764286
LK,LKR: Sri Lanka rupee,2014-01,130.685714
LK,LKR: Sri Lanka rupee,2014-02,130.796842
LK,LKR: Sri Lanka rupee,2014-03,130.585714
LK,LKR: Sri Lanka rupee,2014-04,130.593636
LK,LKR: Sri Lanka rupee,2014-05,130.383333
LK,LKR: Sri Lanka rupee,2014-06,130.271429
LK,LKR: Sri Lanka rupee,2014-07,130.212273
LK,LKR: Sri Lanka rupee,2014-08,130.174762
LK,LKR: Sri Lanka rupee,2014-09,130.25619
LK,LKR: Sri Lanka rupee,2014-10,130.561818
LK,LKR: Sri Lanka rupee,2014-11,130.927778
LK,LKR: Sri Lanka rupee,2014-12,131.078571
LK,LKR: Sri Lanka rupee,2015-01,131.6075
LK,LKR: Sri Lanka rupee,2015-02,132.722105
LK,LKR: Sri Lanka rupee,2015-03,132.95
LK,LKR: Sri Lanka rupee,2015-04,132.922727
LK,LKR: Sri Lanka rupee,2015-05,133.46
LK,LKR: Sri Lanka rupee,2015-06,133.938182
LK,LKR: Sri Lanka rupee,2015-07,133.681818
LK,LKR: Sri Lanka rupee,2015-08,133.851905
LK,LKR: Sri Lanka rupee,2015-09,139.232857
LK,LKR: Sri Lanka rupee,2015-10,140.850952
LK,LKR: Sri Lanka rupee,2015-11,141.963684
LK,LKR: Sri Lanka rupee,2015-12,143.335
LK,LKR: Sri Lanka rupee,2016-01,143.550526
LK,LKR: Sri Lanka rupee,2016-02,143.639
LK,LKR: Sri Lanka rupee,2016-03,145.133478
LK,LKR: Sri Lanka rupee,2016-04,145.201905
LK,LKR: Sri Lanka rupee,2016-05,145.908095
LK,LKR: Sri Lanka rupee,2016-06,145.860909
LK,LKR: Sri Lanka rupee,2016-07,145.401
LK,LKR: Sri Lanka rupee,2016-08,145.203478
LK,LKR: Sri Lanka rupee,2016-09,145.458095
LK,LKR: Sri Lanka rupee,2016-10,146.76
LK,LKR: Sri Lanka rupee,2016-11,147.81
LK,LKR: Sri Lanka rupee,2016-12,148.815238
LK,LKR: Sri Lanka rupee,2017-01,149.834211
LK,LKR: Sri Lanka rupee,2017-02,150.872105
LK,LKR: Sri Lanka rupee,2017-03,151.504783
LK,LKR: Sri Lanka rupee,2017-04,151.862
LK,LKR: Sri Lanka rupee,2017-05,152.390909
LK,LKR: Sri Lanka rupee,2017-06,152.808182
LK,LKR: Sri Lanka rupee,2017-07,153.5875
LK,LKR: Sri Lanka rupee,2017-08,153.097826
LK,LKR: Sri Lanka rupee,2017-09,152.8125
LK,LKR: Sri Lanka rupee,2017-10,153.490476
LK,LKR: Sri Lanka rupee,2017-11,153.5925
LK,LKR: Sri Lanka rupee,2017-12,153.1085
LK,LKR: Sri Lanka rupee,2018-01,153.745238
LK,LKR: Sri Lanka rupee,2018-02,154.773684
LK,LKR: Sri Lanka rupee,2018-03,155.638636
LK,LKR: Sri Lanka rupee,2018-04,156.185714
LK,LKR: Sri Lanka rupee,2018-05,157.752727
LK,LKR: Sri Lanka rupee,2018-06,158.961905
LK,LKR: Sri Lanka rupee,2018-07,159.354762
LK,LKR: Sri Lanka rupee,2018-08,160.321739
LK,LKR: Sri Lanka rupee,2018-09,165.223684
LK,LKR: Sri Lanka rupee,2018-10,171.361364
LK,LKR: Sri Lanka rupee,2018-11,176.7275
LK,LKR: Sri Lanka rupee,2018-12,180.079444
LK,LKR: Sri Lanka rupee,2019-01,181.6025
LK,LKR: Sri Lanka rupee,2019-02,178.394444
LK,LKR: Sri Lanka rupee,2019-03,178.095238
LK,LKR: Sri Lanka rupee,2019-04,174.643182
LK,LKR: Sri Lanka rupee,2019-05,176.15
LK,LKR: Sri Lanka rupee,2019-06,176.4635
LK,LKR: Sri Lanka rupee,2019-07,175.883182
LK,LKR: Sri Lanka rupee,2019-08,177.938636
LK,LKR: Sri Lanka rupee,2019-09,180.7975
LK,LKR: Sri Lanka rupee,2019-10,181.315455
LK,LKR: Sri Lanka rupee,2019-11,180.311053
LK,LKR: Sri Lanka rupee,2019-12,181.197619
LK,LKR: Sri Lanka rupee,2020-01,181.321905
LK,LKR: Sri Lanka rupee,2020-02,181.501579
LK,LKR: Sri Lanka rupee,2020-03,184.409545
LK,LKR: Sri Lanka rupee,2020-04,191.353636
LK,LKR: Sri Lanka rupee,2020-05,187.5425
LK,LKR: Sri Lanka rupee,2020-06,185.870455
LK,LKR: Sri Lanka rupee,2020-07,185.737727
LK,LKR: Sri Lanka rupee,2020-08,184.852857
LK,LKR: Sri Lanka rupee,2020-09,184.951905
LK,LKR: Sri Lanka rupee,2020-10,184.376667
LK,LKR: Sri Lanka rupee,2020-11,184.809444
LK,LKR: Sri Lanka rupee,2020-12,186.632857
LK,LKR: Sri Lanka rupee,2021-01,190.762778
LK,LKR: Sri Lanka rupee,2021-02,194.294737
LK,LKR: Sri Lanka rupee,2021-03,196.88087
LK,LKR: Sri Lanka rupee,2021-04,196.665909
LK,LKR: Sri Lanka rupee,2021-05,196.777
LK,LKR: Sri Lanka rupee,2021-06,197.859545
LK,LKR: Sri Lanka rupee,2021-07,198.88
LK,LKR: Sri Lanka rupee,2021-08,199.126818
LK,LKR: Sri Lanka rupee,2021-09,199.203333
LK,LKR: Sri Lanka rupee,2021-10,200.083
LK,LKR: Sri Lanka rupee,2021-11,201.214
LK,LKR: Sri Lanka rupee,2021-12,201.953333
LK,LKR: Sri Lanka rupee,2022-01,201.842
LK,LKR: Sri Lanka rupee,2022-02,202.006316
LK,LKR: Sri Lanka rupee,2022-03,252.638261
LK,LKR: Sri Lanka rupee,2022-04,320.326667
LK,LKR: Sri Lanka rupee,2022-05,356.294762
LK,LKR: Sri Lanka rupee,2022-06,356.619048
LK,LKR: Sri Lanka rupee,2022-07,357.134
LK,LKR: Sri Lanka rupee,2022-08,356.48913
LK,LKR: Sri Lanka rupee,2022-09,358.922857
LK,LKR: Sri Lanka rupee,2022-10,361.8925
LK,LKR: Sri Lanka rupee,2022-11,362.6885
LK,LKR: Sri Lanka rupee,2022-12,363.18619
LK,LKR: Sri Lanka rupee,2023-01,363.945
LK,LKR: Sri Lanka rupee,2023-02,362.651053
LK,LKR: Sri Lanka rupee,2023-03,327.441739
LK,LKR: Sri Lanka rupee,2023-04,319.249
LK,LKR: Sri Lanka rupee,2023-05,309.42
LK,LKR: Sri Lanka rupee,2023-06,301.628095
LK,LKR: Sri Lanka rupee,2023-07,319.0375
LK,LKR: Sri Lanka rupee,2023-08,320.472609
LK,LKR: Sri Lanka rupee,2023-09,322.4535
LK,LKR: Sri Lanka rupee,2023-10,324.825714
LK,LKR: Sri Lanka rupee,2023-11,327.8855
LK,LKR: Sri Lanka rupee,2023-12,326.211
LK,LKR: Sri Lanka rupee,2024-01,320.32
LK,LKR: Sri Lanka rupee,2024-02,311.862
LK,LKR: Sri Lanka rupee,2024-03,304.828571
LK,LKR: Sri Lanka rupee,2024-04,298.967727
LK,LKR: Sri Lanka rupee,2024-05,299.577273
LK,LKR: Sri Lanka rupee,2024-06,303.888947
LK,LKR: Sri Lanka rupee,2024-07,303.237273
LK,LKR: Sri Lanka rupee,2024-08,300.230455
LK,LKR: Sri Lanka rupee,2024-09,300.8865
LK,LKR: Sri Lanka rupee,2024-10,293.294286
LK,LKR: Sri Lanka rupee,2024-11,291.782632
LK,LKR: Sri Lanka rupee,2024-12,291.584286
LK,LKR: Sri Lanka rupee,2025-01,296.096667
LK,LKR: Sri Lanka rupee,2025-02,296.578421
LK,LKR: Sri Lanka rupee,2025-03,295.850952
LK,LKR: Sri Lanka rupee,2025-04,298.429091
LK,LKR: Sri Lanka rupee,2025-05,299.249048
LK,LKR: Sri Lanka rupee,2025-06,299.707
LK,LKR: Sri Lanka rupee,2025-07,301.083636
LK,LKR: Sri Lanka rupee,2025-08,301.312381
LK,LKR: Sri Lanka rupee,2025-09,302.090476
LK,LKR: Sri Lanka rupee,2025-10,303.063636
LK,LKR: Sri Lanka rupee,2025-11,306.141111
LK,LKR: Sri Lanka rupee,2025-12,309.104545
LK,LKR: Sri Lanka rupee,2026-01,309.4585
IN,INR: Indian rupee,2013-01,54.24363
IN,INR: Indian rupee,2013-02,53.850727
IN,INR: Indian rupee,2013-03,54.427459
IN,INR: Indian rupee,2013-04,54.333561
IN,INR: Indian rupee,2013-05,55.061479
IN,INR: Indian rupee,2013-06,58.406113
IN,INR: Indian rupee,2013-07,59.769353
IN,INR: Indian rupee,2013-08,63.071268
IN,INR: Indian rupee,2013-09,63.896438
IN,INR: Indian rupee,2013-10,61.612587
IN,INR: Indian rupee,2013-11,62.626136
IN,INR: Indian rupee,2013-12,61.855358
IN,INR: Indian rupee,2014-01,62.092845
IN,INR: Indian rupee,2014-02,62.197126
IN,INR: Indian rupee,2014-03,60.986503
IN,INR: Indian rupee,2014-04,60.352524
IN,INR: Indian rupee,2014-05,59.296068
IN,INR: Indian rupee,2014-06,59.742616
IN,INR: Indian rupee,2014-07,60.053118
IN,INR: Indian rupee,2014-08,60.880534
IN,INR: Indian rupee,2014-09,60.902123
IN,INR: Indian rupee,2014-10,61.383819
IN,INR: Indian rupee,2014-11,61.702492
IN,INR: Indian rupee,2014-12,62.750777
IN,INR: Indian rupee,2015-01,62.127985
IN,INR: Indian rupee,2015-02,62.060003
IN,INR: Indian rupee,2015-03,62.507222
IN,INR: Indian rupee,2015-04,62.749088
IN,INR: Indian rupee,2015-05,63.78329
IN,INR: Indian rupee,2015-06,63.841815
IN,INR: Indian rupee,2015-07,63.657459
IN,INR: Indian rupee,2015-08,65.104408
IN,INR: Indian rupee,2015-09,66.213696
IN,INR: Indian rupee,2015-10,65.075532
IN,INR: Indian rupee,2015-11,66.173864
IN,INR: Indian rupee,2015-12,66.547421
IN,INR: Indian rupee,2016-01,67.407629
IN,INR: Indian rupee,2016-02,68.257846
IN,INR: Indian rupee,2016-03,66.945572
IN,INR: Indian rupee,2016-04,66.479807
IN,INR: Indian rupee,2016-05,66.930688
IN,INR: Indian rupee,2016-06,67.292875
IN,INR: Indian rupee,2016-07,67.194144
IN,INR: Indian rupee,2016-08,66.920763
IN,INR: Indian rupee,2016-09,66.733506
IN,INR: Indian rupee,2016-10,66.731599
IN,INR: Indian rupee,2016-11,67.664608
IN,INR: Indian rupee,2016-12,67.85614
IN,INR: Indian rupee,2017-01,68.098877
IN,INR: Indian rupee,2017-02,66.984848
IN,INR: Indian rupee,2017-03,65.823713
IN,INR: Indian rupee,2017-04,64.539288
IN,INR: Indian rupee,2017-05,64.450711
IN,INR: Indian rupee,2017-06,64.455023
IN,INR: Indian rupee,2017-07,64.45638
IN,INR: Indian rupee,2017-08,63.986356
IN,INR: Indian rupee,2017-09,64.462392
IN,INR: Indian rupee,2017-10,65.071886
IN,INR: Indian rupee,2017-11,64.854238
IN,INR: Indian rupee,2017-12,64.266335
IN,INR: Indian rupee,2018-01,63.654439
IN,INR: Indian rupee,2018-02,64.435412
IN,INR: Indian rupee,2018-03,65.054934
IN,INR: Indian rupee,2018-04,65.702752
IN,INR: Indian rupee,2018-05,67.551007
IN,INR: Indian rupee,2018-06,67.786743
IN,INR: Indian rupee,2018-07,68.716034
IN,INR: Indian rupee,2018-08,69.639795
IN,INR: Indian rupee,2018-09,72.229002
IN,INR: Indian rupee,2018-10,73.619441
IN,INR: Indian rupee,2018-11,71.753184
IN,INR: Indian rupee,2018-12,70.816106
IN,INR: Indian rupee,2019-01,70.774544
IN,INR: Indian rupee,2019-02,71.234619
IN,INR: Indian rupee,2019-03,69.50756
IN,INR: Indian rupee,2019-04,69.409239
IN,INR: Indian rupee,2019-05,69.80985
IN,INR: Indian rupee,2019-06,69.428644
IN,INR: Indian rupee,2019-07,68.751616
IN,INR: Indian rupee,2019-08,71.174543
IN,INR: Indian rupee,2019-09,71.399432
IN,INR: Indian rupee,2019-10,71.040744
IN,INR: Indian rupee,2019-11,71.47012
IN,INR: Indian rupee,2019-12,71.183558
IN,INR: Indian rupee,2020-01,71.289605
IN,INR: Indian rupee,2020-02,71.510946
IN,INR: Indian rupee,2020-03,74.526435
IN,INR: Indian rupee,2020-04,76.21759
IN,INR: Indian rupee,2020-05,75.674093
IN,INR: Indian rupee,2020-06,75.721254
IN,INR: Indian rupee,2020-07,74.922385
IN,INR: Indian rupee,2020-08,74.595697
IN,INR: Indian rupee,2020-09,73.545565
IN,INR: Indian rupee,2020-10,73.535524
IN,INR: Indian rupee,2020-11,74.216223
IN,INR: Indian rupee,2020-12,73.632669
IN,INR: Indian rupee,2021-01,73.120054
IN,INR: Indian rupee,2021-02,72.802874
IN,INR: Indian rupee,2021-03,72.824742
IN,INR: Indian rupee,2021-04,74.64591
IN,INR: Indian rupee,2021-05,73.20969
IN,INR: Indian rupee,2021-06,73.575495
IN,INR: Indian rupee,2021-07,74.534735
IN,INR: Indian rupee,2021-08,74.124449
IN,INR: Indian rupee,2021-09,73.604971
IN,INR: Indian rupee,2021-10,74.953777
IN,INR: Indian rupee,2021-11,74.473561
IN,INR: Indian rupee,2021-12,75.352399
IN,INR: Indian rupee,2022-01,74.444012
IN,INR: Indian rupee,2022-02,74.971907
IN,INR: Indian rupee,2022-03,76.228148
IN,INR: Indian rupee,2022-04,76.171185
IN,INR: Indian rupee,2022-05,77.309526
IN,INR: Indian rupee,2022-06,78.095657
IN,INR: Indian rupee,2022-07,79.596326
IN,INR: Indian rupee,2022-08,79.536995
IN,INR: Indian rupee,2022-09,80.240606
IN,INR: Indian rupee,2022-10,82.354363
IN,INR: Indian rupee,2022-11,81.701479
IN,INR: Indian rupee,2022-12,82.479831
IN,INR: Indian rupee,2023-01,81.854937
IN,INR: Indian rupee,2023-02,82.596541
IN,INR: Indian rupee,2023-03,82.306583
IN,INR: Indian rupee,2023-04,81.99678
IN,INR: Indian rupee,2023-05,82.322671
IN,INR: Indian rupee,2023-06,82.210951
IN,INR: Indian rupee,2023-07,82.148483
IN,INR: Indian rupee,2023-08,82.8241
IN,INR: Indian rupee,2023-09,83.058366
IN,INR: Indian rupee,2023-10,83.212726
IN,INR: Indian rupee,2023-11,83.278994
IN,INR: Indian rupee,2023-12,83.281037
IN,INR: Indian rupee,2024-01,83.112024
IN,INR: Indian rupee,2024-02,82.967509
IN,INR: Indian rupee,2024-03,83.011992
IN,INR: Indian rupee,2024-04,83.398692
IN,INR: Indian rupee,2024-05,83.38491
IN,INR: Indian rupee,2024-06,83.475074
IN,INR: Indian rupee,2024-07,83.599017
IN,INR: Indian rupee,2024-08,83.912549
IN,INR: Indian rupee,2024-09,83.811913
IN,INR: Indian rupee,2024-10,84.028033
IN,INR: Indian rupee,2024-11,84.35734
IN,INR: Indian rupee,2024-12,84.978151
IN,INR: Indian rupee,2025-01,86.289648
IN,INR: Indian rupee,2025-02,87.044671
IN,INR: Indian rupee,2025-03,86.519274
IN,INR: Indian rupee,2025-04,85.586366
IN,INR: Indian rupee,2025-05,85.248385
IN,INR: Indian rupee,2025-06,85.946915
IN,INR: Indian rupee,2025-07,86.160244
IN,INR: Indian rupee,2025-08,87.558293
IN,INR: Indian rupee,2025-09,88.305816
IN,INR: Indian rupee,2025-10,88.419079
IN,INR: Indian rupee,2025-11,88.848166
IN,INR: Indian rupee,2025-12,90.029331
IN,INR: Indian rupee,2026-01,90.879089
BJ,XOF: CFA franc,2013-01,493.644458
BJ,XOF: CFA franc,2013-02,491.020694
BJ,XOF: CFA franc,2013-03,505.999105
BJ,XOF: CFA franc,2013-04,503.575157
BJ,XOF: CFA franc,2013-05,505.28016
BJ,XOF: CFA franc,2013-06,497.361008
BJ,XOF: CFA franc,2013-07,501.491176
BJ,XOF: CFA franc,2013-08,492.848717
BJ,XOF: CFA franc,2013-09,491.430686
BJ,XOF: CFA franc,2013-10,481.084776
BJ,XOF: CFA franc,2013-11,486.149581
BJ,XOF: CFA franc,2013-12,478.674947
BJ,XOF: CFA franc,2014-01,481.958888
BJ,XOF: CFA franc,2014-02,480.255519
BJ,XOF: CFA franc,2014-03,474.556607
BJ,XOF: CFA franc,2014-04,474.900995
BJ,XOF: CFA franc,2014-05,477.68
BJ,XOF: CFA franc,2014-06,482.591683
BJ,XOF: CFA franc,2014-07,484.4882
BJ,XOF: CFA franc,2014-08,492.604617
BJ,XOF: CFA franc,2014-09,508.440052
BJ,XOF: CFA franc,2014-10,517.612643
BJ,XOF: CFA franc,2014-11,525.93528
BJ,XOF: CFA franc,2014-12,531.943288
BJ,XOF: CFA franc,2015-01,564.442118
BJ,XOF: CFA franc,2015-02,577.953505
BJ,XOF: CFA franc,2015-03,605.25582
BJ,XOF: CFA franc,2015-04,608.533949
BJ,XOF: CFA franc,2015-05,588.325986
BJ,XOF: CFA franc,2015-06,584.985022
BJ,XOF: CFA franc,2015-07,596.553264
BJ,XOF: CFA franc,2015-08,588.880686
BJ,XOF: CFA franc,2015-09,584.570334
BJ,XOF: CFA franc,2015-10,583.846633
BJ,XOF: CFA franc,2015-11,610.988264
BJ,XOF: CFA franc,2015-12,603.057861
BJ,XOF: CFA franc,2016-01,604.031437
BJ,XOF: CFA franc,2016-02,591.327698
BJ,XOF: CFA franc,2016-03,590.969999
BJ,XOF: CFA franc,2016-04,578.486622
BJ,XOF: CFA franc,2016-05,579.923727
BJ,XOF: CFA franc,2016-06,584.168056
BJ,XOF: CFA franc,2016-07,592.632777
BJ,XOF: CFA franc,2016-08,585.062667
BJ,XOF: CFA franc,2016-09,585.044311
BJ,XOF: CFA franc,2016-10,594.915805
BJ,XOF: CFA franc,2016-11,607.426392
BJ,XOF: CFA franc,2016-12,622.178626
BJ,XOF: CFA franc,2017-01,617.987299
BJ,XOF: CFA franc,2017-02,616.347432
BJ,XOF: CFA franc,2017-03,613.922026
BJ,XOF: CFA franc,2017-04,611.74801
BJ,XOF: CFA franc,2017-05,593.223604
BJ,XOF: CFA franc,2017-06,584.139681
BJ,XOF: CFA franc,2017-07,569.845243
BJ,XOF: CFA franc,2017-08,555.578465
BJ,XOF: CFA franc,2017-09,550.550227
BJ,XOF: CFA franc,2017-10,557.982825
BJ,XOF: CFA franc,2017-11,558.831999
BJ,XOF: CFA franc,2017-12,554.19511
BJ,XOF: CFA franc,2018-01,537.691709
BJ,XOF: CFA franc,2018-02,531.233904
BJ,XOF: CFA franc,2018-03,531.733845
BJ,XOF: CFA franc,2018-04,534.327933
BJ,XOF: CFA franc,2018-05,555.320334
BJ,XOF: CFA franc,2018-06,561.68946
BJ,XOF: CFA franc,2018-07,561.331772
BJ,XOF: CFA franc,2018-08,567.979452
BJ,XOF: CFA franc,2018-09,562.633055
BJ,XOF: CFA franc,2018-10,571.189931
BJ,XOF: CFA franc,2018-11,577.07827
BJ,XOF: CFA franc,2018-12,576.198937
BJ,XOF: CFA franc,2019-01,574.573839
BJ,XOF: CFA franc,2019-02,577.877131
BJ,XOF: CFA franc,2019-03,580.365744
BJ,XOF: CFA franc,2019-04,583.682513
BJ,XOF: CFA franc,2019-05,586.482783
BJ,XOF: CFA franc,2019-06,580.832167
BJ,XOF: CFA franc,2019-07,584.715742
BJ,XOF: CFA franc,2019-08,589.559231
BJ,XOF: CFA franc,2019-09,596.112938
BJ,XOF: CFA franc,2019-10,593.488468
BJ,XOF: CFA franc,2019-11,593.575085
BJ,XOF: CFA franc,2019-12,590.237055
BJ,XOF: CFA franc,2020-01,590.932893
BJ,XOF: CFA franc,2020-02,601.519486
BJ,XOF: CFA franc,2020-03,592.906757
BJ,XOF: CFA franc,2020-04,603.906315
BJ,XOF: CFA franc,2020-05,601.693291
BJ,XOF: CFA franc,2020-06,582.835045
BJ,XOF: CFA franc,2020-07,572.218973
BJ,XOF: CFA franc,2020-08,554.575345
BJ,XOF: CFA franc,2020-09,556.253599
BJ,XOF: CFA franc,2020-10,557.067407
BJ,XOF: CFA franc,2020-11,554.115794
BJ,XOF: CFA franc,2020-12,539.007149
BJ,XOF: CFA franc,2021-01,538.957427
BJ,XOF: CFA franc,2021-02,542.207325
BJ,XOF: CFA franc,2021-03,551.266666
BJ,XOF: CFA franc,2021-04,547.584543
BJ,XOF: CFA franc,2021-05,540.064337
BJ,XOF: CFA franc,2021-06,544.494106
BJ,XOF: CFA franc,2021-07,554.869809
BJ,XOF: CFA franc,2021-08,557.226581
BJ,XOF: CFA franc,2021-09,557.297594
BJ,XOF: CFA franc,2021-10,565.40822
BJ,XOF: CFA franc,2021-11,574.692823
BJ,XOF: CFA franc,2021-12,580.298669
BJ,XOF: CFA franc,2022-01,579.750215
BJ,XOF: CFA franc,2022-02,578.348425
BJ,XOF: CFA franc,2022-03,595.298655
BJ,XOF: CFA franc,2022-04,606.3157
BJ,XOF: CFA franc,2022-05,620.085078
BJ,XOF: CFA franc,2022-06,620.829347
BJ,XOF: CFA franc,2022-07,644.427878
BJ,XOF: CFA franc,2022-08,647.639062
BJ,XOF: CFA franc,2022-09,662.330425
BJ,XOF: CFA franc,2022-10,667.595413
BJ,XOF: CFA franc,2022-11,643.014864
BJ,XOF: CFA franc,2022-12,619.481348
BJ,XOF: CFA franc,2023-01,609.115981
BJ,XOF: CFA franc,2023-02,612.180008
BJ,XOF: CFA franc,2023-03,612.710308
BJ,XOF: CFA franc,2023-04,598.079516
BJ,XOF: CFA franc,2023-05,603.595123
BJ,XOF: CFA franc,2023-06,605.133996
BJ,XOF: CFA franc,2023-07,593.189117
BJ,XOF: CFA franc,2023-08,601.306117
BJ,XOF: CFA franc,2023-09,613.972945
BJ,XOF: CFA franc,2023-10,621.021706
BJ,XOF: CFA franc,2023-11,606.905262
BJ,XOF: CFA franc,2023-12,601.626922
BJ,XOF: CFA franc,2024-01,601.511965
BJ,XOF: CFA franc,2024-02,607.664995
BJ,XOF: CFA franc,2024-03,603.334192
BJ,XOF: CFA franc,2024-04,611.457456
BJ,XOF: CFA franc,2024-05,606.680736
BJ,XOF: CFA franc,2024-06,609.682127
BJ,XOF: CFA franc,2024-07,604.898322
BJ,XOF: CFA franc,2024-08,595.664884
BJ,XOF: CFA franc,2024-09,590.632991
BJ,XOF: CFA franc,2024-10,601.555463
BJ,XOF: CFA franc,2024-11,617.07261
BJ,XOF: CFA franc,2024-12,625.987833
BJ,XOF: CFA franc,2025-01,633.546725
BJ,XOF: CFA franc,2025-02,629.970708
BJ,XOF: CFA franc,2025-03,606.984882
BJ,XOF: CFA franc,2025-04,584.94732
BJ,XOF: CFA franc,2025-05,581.622832
BJ,XOF: CFA franc,2025-06,569.595476
BJ,XOF: CFA franc,2025-07,561.757581
BJ,XOF: CFA franc,2025-08,563.952223
BJ,XOF: CFA franc,2025-09,559.106966
BJ,XOF: CFA franc,2025-10,564.000411
BJ,XOF: CFA franc,2025-11,567.427034
BJ,XOF: CFA franc,2025-12,560.229743
CM,XAF: CFA franc,2013-01,493.644458
CM,XAF: CFA franc,2013-02,491.020694
CM,XAF: CFA franc,2013-03,505.999105
CM,XAF: CFA franc,2013-04,503.575157
CM,XAF: CFA franc,2013-05,505.28016
CM,XAF: CFA franc,2013-06,497.361008
CM,XAF: CFA franc,2013-07,501.491176
CM,XAF: CFA franc,2013-08,492.848717
CM,XAF: CFA franc,2013-09,491.430686
CM,XAF: CFA franc,2013-10,481.084776
CM,XAF: CFA franc,2013-11,486.149581
CM,XAF: CFA franc,2013-12,478.674947
CM,XAF: CFA franc,2014-01,481.958888
CM,XAF: CFA franc,2014-02,480.255519
CM,XAF: CFA franc,2014-03,474.556607
CM,XAF: CFA franc,2014-04,474.900995
CM,XAF: CFA franc,2014-05,477.68
CM,XAF: CFA franc,2014-06,482.591683
CM,XAF: CFA franc,2014-07,484.4882
CM,XAF: CFA franc,2014-08,492.604617
CM,XAF: CFA franc,2014-09,508.440052
CM,XAF: CFA franc,2014-10,517.612643
CM,XAF: CFA franc,2014-11,525.93528
CM,XAF: CFA franc,2014-12,531.943288
CM,XAF: CFA franc,2015-01,564.442118
CM,XAF: CFA franc,2015-02,577.953505
CM,XAF: CFA franc,2015-03,605.25582
CM,XAF: CFA franc,2015-04,608.533949
CM,XAF: CFA franc,2015-05,588.325986
CM,XAF: CFA franc,2015-06,584.985022
CM,XAF: CFA franc,2015-07,596.553264
CM,XAF: CFA franc,2015-08,588.880686
CM,XAF: CFA franc,2015-09,584.570334
CM,XAF: CFA franc,2015-10,583.846633
CM,XAF: CFA franc,2015-11,610.988264
CM,XAF: CFA franc,2015-12,603.057861
CM,XAF: CFA franc,2016-01,604.031437
CM,XAF: CFA franc,2016-02,591.327698
CM,XAF: CFA franc,2016-03,590.969999
CM,XAF: CFA franc,2016-04,578.486622
CM,XAF: CFA franc,2016-05,579.923727
CM,XAF: CFA franc,2016-06,584.168056
CM,XAF: CFA franc,2016-07,592.632777
CM,XAF: CFA franc,2016-08,585.062667
CM,XAF: CFA franc,2016-09,585.044311
CM,XAF: CFA franc,2016-10,594.915805
CM,XAF: CFA franc,2016-11,607.426392
CM,XAF: CFA franc,2016-12,622.178626
CM,XAF: CFA franc,2017-01,617.987299
CM,XAF: CFA franc,2017-02,616.347432
CM,XAF: CFA franc,2017-03,613.922026
CM,XAF: CFA franc,2017-04,611.74801
CM,XAF: CFA franc,2017-05,593.223604
CM,XAF: CFA franc,2017-06,584.139681
CM,XAF: CFA franc,2017-07,569.845243
CM,XAF: CFA franc,2017-08,555.578465
CM,XAF: CFA franc,2017-09,550.550227
CM,XAF: CFA franc,2017-10,557.982825
CM,XAF: CFA franc,2017-11,558.831999
CM,XAF: CFA franc,2017-12,554.19511
CM,XAF: CFA franc,2018-01,537.691709
CM,XAF: CFA franc,2018-02,531.233904
CM,XAF: CFA franc,2018-03,531.733845
CM,XAF: CFA franc,2018-04,534.327933
CM,XAF: CFA franc,2018-05,555.320334
CM,XAF: CFA franc,2018-06,561.68946
CM,XAF: CFA franc,2018-07,561.331772
CM,XAF: CFA franc,2018-08,567.979452
CM,XAF: CFA franc,2018-09,562.633055
CM,XAF: CFA franc,2018-10,571.189931
CM,XAF: CFA franc,2018-11,577.07827
CM,XAF: CFA franc,2018-12,576.198937
CM,XAF: CFA franc,2019-01,574.573839
CM,XAF: CFA franc,2019-02,577.877131
CM,XAF: CFA franc,2019-03,580.365744
CM,XAF: CFA franc,2019-04,583.682513
CM,XAF: CFA franc,2019-05,586.482783
CM,XAF: CFA franc,2019-06,580.832167
CM,XAF: CFA franc,2019-07,584.715742
CM,XAF: CFA franc,2019-08,589.559231
CM,XAF: CFA franc,2019-09,596.112938
CM,XAF: CFA franc,2019-10,593.488468
CM,XAF: CFA franc,2019-11,593.575085
CM,XAF: CFA franc,2019-12,590.237055
CM,XAF: CFA franc,2020-01,590.932893
CM,XAF: CFA franc,2020-02,601.519486
CM,XAF: CFA franc,2020-03,592.906757
CM,XAF: CFA franc,2020-04,603.906315
CM,XAF: CFA franc,2020-05,601.693291
CM,XAF: CFA franc,2020-06,582.835045
CM,XAF: CFA franc,2020-07,572.218973
CM,XAF: CFA franc,2020-08,554.575345
CM,XAF: CFA franc,2020-09,556.253599
CM,XAF: CFA franc,2020-10,557.067407
CM,XAF: CFA franc,2020-11,554.115794
CM,XAF: CFA franc,2020-12,539.007149
CM,XAF: CFA franc,2021-01,538.957427
CM,XAF: CFA franc,2021-02,542.207325
CM,XAF: CFA franc,2021-03,551.266666
CM,XAF: CFA franc,2021-04,547.584543
CM,XAF: CFA franc,2021-05,540.064337
CM,XAF: CFA franc,2021-06,544.494106
CM,XAF: CFA franc,2021-07,554.869809
CM,XAF: CFA franc,2021-08,557.226581
CM,XAF: CFA franc,2021-09,557.297594
CM,XAF: CFA franc,2021-10,565.40822
CM,XAF: CFA franc,2021-11,574.692823
CM,XAF: CFA franc,2021-12,580.298669
CM,XAF: CFA franc,2022-01,579.750215
CM,XAF: CFA franc,2022-02,578.348425
CM,XAF: CFA franc,2022-03,595.298655
CM,XAF: CFA franc,2022-04,606.3157
CM,XAF: CFA franc,2022-05,620.085078
CM,XAF: CFA franc,2022-06,620.829347
CM,XAF: CFA franc,2022-07,644.427878
CM,XAF: CFA franc,2022-08,647.639062
CM,XAF: CFA franc,2022-09,662.330425
CM,XAF: CFA franc,2022-10,667.595413
CM,XAF: CFA franc,2022-11,643.014864
CM,XAF: CFA franc,2022-12,619.481348
CM,XAF: CFA franc,2023-01,609.115981
CM,XAF: CFA franc,2023-02,612.180008
CM,XAF: CFA franc,2023-03,612.710308
CM,XAF: CFA franc,2023-04,598.079516
CM,XAF: CFA franc,2023-05,603.595123
CM,XAF: CFA franc,2023-06,605.133996
CM,XAF: CFA franc,2023-07,593.189117
CM,XAF: CFA franc,2023-08,601.306117
CM,XAF: CFA franc,2023-09,613.972945
CM,XAF: CFA franc,2023-10,621.021706
CM,XAF: CFA franc,2023-11,606.905262
CM,XAF: CFA franc,2023-12,601.626922
CM,XAF: CFA franc,2024-01,601.511965
CM,XAF: CFA franc,2024-02,607.664995
CM,XAF: CFA franc,2024-03,603.334192
CM,XAF: CFA franc,2024-04,611.457456
CM,XAF: CFA franc,2024-05,606.680736
CM,XAF: CFA franc,2024-06,609.682127
CM,XAF: CFA franc,2024-07,604.898322
CM,XAF: CFA franc,2024-08,595.664884
CM,XAF: CFA franc,2024-09,590.632991
CM,XAF: CFA franc,2024-10,601.555463
CM,XAF: CFA franc,2024-11,617.07261
CM,XAF: CFA franc,2024-12,625.987833
CM,XAF: CFA franc,2025-01,633.546725
CM,XAF: CFA franc,2025-02,629.970708
CM,XAF: CFA franc,2025-03,606.984882
CM,XAF: CFA franc,2025-04,584.94732
CM,XAF: CFA franc,2025-05,581.622832
CM,XAF: CFA franc,2025-06,569.595476
CM,XAF: CFA franc,2025-07,561.757581
CM,XAF: CFA franc,2025-08,563.952223
CM,XAF: CFA franc,2025-09,559.106966
CM,XAF: CFA franc,2025-10,564.000411
CM,XAF: CFA franc,2025-11,567.427034
CM,XAF: CFA franc,2025-12,560.229743
VN,VND: Dong,2013-01,20828.0
VN,VND: Dong,2013-02,20828.0
VN,VND: Dong,2013-03,20828.0
VN,VND: Dong,2013-04,20828.0
VN,VND: Dong,2013-05,20828.0
VN,VND: Dong,2013-06,20845.0
VN,VND: Dong,2013-07,21036.0
VN,VND: Dong,2013-08,21036.0
VN,VND: Dong,2013-09,21036.0
VN,VND: Dong,2013-10,21036.0
VN,VND: Dong,2013-11,21036.0
VN,VND: Dong,2013-12,21036.0
VN,VND: Dong,2014-01,21036.0
VN,VND: Dong,2014-02,21036.0
VN,VND: Dong,2014-03,21036.0
VN,VND: Dong,2014-04,21036.0
VN,VND: Dong,2014-05,21036.0
VN,VND: Dong,2014-06,21120.0
VN,VND: Dong,2014-07,21246.0
VN,VND: Dong,2014-08,21246.0
VN,VND: Dong,2014-09,21246.0
VN,VND: Dong,2014-10,21246.0
VN,VND: Dong,2014-11,21246.0
VN,VND: Dong,2014-12,21246.0
VN,VND: Dong,2015-01,21436.0
VN,VND: Dong,2015-02,21458.0
VN,VND: Dong,2015-03,21458.0
VN,VND: Dong,2015-04,21458.0
VN,VND: Dong,2015-05,21673.0
VN,VND: Dong,2015-06,21673.0
VN,VND: Dong,2015-07,21764.81
VN,VND: Dong,2015-08,21890.0
VN,VND: Dong,2015-09,21890.0
VN,VND: Dong,2015-10,21890.0
VN,VND: Dong,2015-11,21890.0
VN,VND: Dong,2015-12,21890.0
VN,VND: Dong,2016-01,21904.83
VN,VND: Dong,2016-02,21888.81
VN,VND: Dong,2016-03,21874.78
VN,VND: Dong,2016-04,21888.89
VN,VND: Dong,2016-05,21888.08
VN,VND: Dong,2016-06,21881.69
VN,VND: Dong,2016-07,21871.81
VN,VND: Dong,2016-08,21860.85
VN,VND: Dong,2016-09,21941.08
VN,VND: Dong,2016-10,22003.0
VN,VND: Dong,2016-11,22078.0
VN,VND: Dong,2016-12,22138.19
VN,VND: Dong,2017-01,22172.14
VN,VND: Dong,2017-02,22221.78
VN,VND: Dong,2017-03,22254.19
VN,VND: Dong,2017-04,22324.57
VN,VND: Dong,2017-05,22373.19
VN,VND: Dong,2017-06,22415.5
VN,VND: Dong,2017-07,22438.71
VN,VND: Dong,2017-08,22442.19
VN,VND: Dong,2017-09,22445.58
VN,VND: Dong,2017-10,22464.85
VN,VND: Dong,2017-11,22451.04
VN,VND: Dong,2017-12,22437.3
VN,VND: Dong,2018-01,22410.65
VN,VND: Dong,2018-02,22439.05
VN,VND: Dong,2018-03,22454.44
VN,VND: Dong,2018-04,22488.0
VN,VND: Dong,2018-05,22575.04
VN,VND: Dong,2018-06,22597.31
VN,VND: Dong,2018-07,22647.5
VN,VND: Dong,2018-08,22679.26
VN,VND: Dong,2018-09,22699.88
VN,VND: Dong,2018-10,22719.81
VN,VND: Dong,2018-11,22730.62
VN,VND: Dong,2018-12,22783.04
VN,VND: Dong,2019-01,22850.7
VN,VND: Dong,2019-02,22902.78
VN,VND: Dong,2019-03,22952.73
VN,VND: Dong,2019-04,22996.75
VN,VND: Dong,2019-05,23054.54
VN,VND: Dong,2019-06,23059.68
VN,VND: Dong,2019-07,23068.81
VN,VND: Dong,2019-08,23114.56
VN,VND: Dong,2019-09,23142.04
VN,VND: Dong,2019-10,23154.63
VN,VND: Dong,2019-11,23143.46
VN,VND: Dong,2019-12,23162.22
VN,VND: Dong,2020-01,23164.3
VN,VND: Dong,2020-02,23218.2
VN,VND: Dong,2020-03,23223.42
VN,VND: Dong,2020-04,23241.5
VN,VND: Dong,2020-05,23256.5
VN,VND: Dong,2020-06,23235.92
VN,VND: Dong,2020-07,23222.56
VN,VND: Dong,2020-08,23209.0
VN,VND: Dong,2020-09,23206.84
VN,VND: Dong,2020-10,23197.22
VN,VND: Dong,2020-11,23178.96
VN,VND: Dong,2020-12,23146.0
VN,VND: Dong,2021-01,23137.0
VN,VND: Dong,2021-02,23138.611111
VN,VND: Dong,2021-03,23195.96
VN,VND: Dong,2021-04,23203.13
VN,VND: Dong,2021-05,23159.29
VN,VND: Dong,2021-06,23140.92
VN,VND: Dong,2021-07,23197.93
VN,VND: Dong,2021-08,23159.54
VN,VND: Dong,2021-09,23125.38
VN,VND: Dong,2021-10,23154.27
VN,VND: Dong,2021-11,23126.58
VN,VND: Dong,2021-12,23178.78
VN,VND: Dong,2022-01,23102.04
VN,VND: Dong,2022-02,23115.0
VN,VND: Dong,2022-03,23152.89
VN,VND: Dong,2022-04,23112.92
VN,VND: Dong,2022-05,23129.44
VN,VND: Dong,2022-06,23082.23
VN,VND: Dong,2022-07,23187.0
VN,VND: Dong,2022-08,23190.41
VN,VND: Dong,2022-09,23295.0
VN,VND: Dong,2022-10,23564.38
VN,VND: Dong,2022-11,23679.35
VN,VND: Dong,2022-12,23643.89
VN,VND: Dong,2023-01,23604.78
VN,VND: Dong,2023-02,23629.75
VN,VND: Dong,2023-03,23621.81
VN,VND: Dong,2023-04,23615.46
VN,VND: Dong,2023-05,23664.5
VN,VND: Dong,2023-06,23763.15
VN,VND: Dong,2023-07,23763.15
VN,VND: Dong,2023-08,23882.15
VN,VND: Dong,2023-09,24037.52
VN,VND: Dong,2023-10,24079.06
VN,VND: Dong,2023-11,23869.96
VN,VND: Dong,2023-12,23916.54
VN,VND: Dong,2024-01,23983.08
VN,VND: Dong,2024-02,23976.09
VN,VND: Dong,2024-03,23994.88
VN,VND: Dong,2024-04,24140.24
VN,VND: Dong,2024-05,24216.46
VN,VND: Dong,2024-06,24252.8
VN,VND: Dong,2024-07,24251.56
VN,VND: Dong,2024-08,24245.85
VN,VND: Dong,2024-09,24163.54
VN,VND: Dong,2024-10,24192.52
VN,VND: Dong,2024-11,24276.42
VN,VND: Dong,2024-12,24285.19
VN,VND: Dong,2025-01,24336.1
VN,VND: Dong,2025-02,24546.75
VN,VND: Dong,2025-03,24787.92
VN,VND: Dong,2025-04,24905.72
VN,VND: Dong,2025-05,24955.72
VN,VND: Dong,2025-06,25009.92
VN,VND: Dong,2025-07,25150.96
VN,VND: Dong,2025-09,25204.93
VN,VND: Dong,2025-10,25188.7
KH,KHR: Riel,2013-01,3995.0
KH,KHR: Riel,2013-02,3995.0
KH,KHR: Riel,2013-03,3995.0
KH,KHR: Riel,2013-04,4000.0
KH,KHR: Riel,2013-05,4034.0
KH,KHR: Riel,2013-06,4063.0
KH,KHR: Riel,2013-07,4062.0
KH,KHR: Riel,2013-08,4062.0
KH,KHR: Riel,2013-09,4062.0
KH,KHR: Riel,2013-10,4058.0
KH,KHR: Riel,2013-11,4006.0
KH,KHR: Riel,2013-12,3995.0
KH,KHR: Riel,2014-01,3995.0
KH,KHR: Riel,2014-02,3984.0
KH,KHR: Riel,2014-03,4002.0
KH,KHR: Riel,2014-04,4015.0
KH,KHR: Riel,2014-05,4025.0
KH,KHR: Riel,2014-06,4039.0
KH,KHR: Riel,2014-07,4045.0
KH,KHR: Riel,2014-08,4058.0
KH,KHR: Riel,2014-09,4076.0
KH,KHR: Riel,2014-10,4081.0
KH,KHR: Riel,2014-11,4068.0
KH,KHR: Riel,2014-12,4062.0
KH,KHR: Riel,2015-01,4066.0
KH,KHR: Riel,2015-02,4050.0
KH,KHR: Riel,2015-03,4021.0
KH,KHR: Riel,2015-04,4034.0
KH,KHR: Riel,2015-05,4079.0
KH,KHR: Riel,2015-06,4091.0
KH,KHR: Riel,2015-07,4101.0
KH,KHR: Riel,2015-08,4106.0
KH,KHR: Riel,2015-09,4097.0
KH,KHR: Riel,2015-10,4071.0
KH,KHR: Riel,2015-11,4045.0
KH,KHR: Riel,2015-12,4052.0
KH,KHR: Riel,2016-01,4046.0
KH,KHR: Riel,2016-02,4025.5
KH,KHR: Riel,2016-03,4004.0
KH,KHR: Riel,2016-04,4032.0
KH,KHR: Riel,2016-05,4070.5
KH,KHR: Riel,2016-06,4084.5
KH,KHR: Riel,2016-07,4090.451613
KH,KHR: Riel,2016-08,4099.790323
KH,KHR: Riel,2016-09,4097.783333
KH,KHR: Riel,2016-10,4077.612903
KH,KHR: Riel,2016-11,4034.1
KH,KHR: Riel,2016-12,4042.096774
KH,KHR: Riel,2017-01,4045.274194
KH,KHR: Riel,2017-02,4022.857143
KH,KHR: Riel,2017-03,4000.16129
KH,KHR: Riel,2017-04,4017.85
KH,KHR: Riel,2017-05,4051.483871
KH,KHR: Riel,2017-06,4083.216667
KH,KHR: Riel,2017-07,4093.241935
KH,KHR: Riel,2017-08,4092.951613
KH,KHR: Riel,2017-09,4063.266667
KH,KHR: Riel,2017-10,4054.83871
KH,KHR: Riel,2017-11,4040.85
KH,KHR: Riel,2017-12,4040.967742
KH,KHR: Riel,2018-01,4028.693548
KH,KHR: Riel,2018-02,4021.267857
KH,KHR: Riel,2018-03,4008.241935
KH,KHR: Riel,2018-04,4024.766667
KH,KHR: Riel,2018-05,4065.370968
KH,KHR: Riel,2018-06,4071.866667
KH,KHR: Riel,2018-07,4062.564516
KH,KHR: Riel,2018-08,4074.919355
KH,KHR: Riel,2018-09,4094.1
KH,KHR: Riel,2018-10,4079.403226
KH,KHR: Riel,2018-11,4048.55
KH,KHR: Riel,2018-12,4034.258065
KH,KHR: Riel,2019-01,4020.483871
KH,KHR: Riel,2019-02,4017.571429
KH,KHR: Riel,2019-03,4013.580645
KH,KHR: Riel,2019-04,4036.483333
KH,KHR: Riel,2019-05,4061.693548
KH,KHR: Riel,2019-06,4075.4
KH,KHR: Riel,2019-07,4082.435484
KH,KHR: Riel,2019-08,4087.129032
KH,KHR: Riel,2019-09,4101.75
KH,KHR: Riel,2019-10,4083.564516
KH,KHR: Riel,2019-11,4073.566667
KH,KHR: Riel,2019-12,4080.129032
KH,KHR: Riel,2020-01,4091.354839
KH,KHR: Riel,2020-02,4092.362069
KH,KHR: Riel,2020-03,4069.903226
KH,KHR: Riel,2020-04,4086.683333
KH,KHR: Riel,2020-05,4117.467742
KH,KHR: Riel,2020-06,4099.9
KH,KHR: Riel,2020-07,4103.241935
KH,KHR: Riel,2020-08,4105.16129
KH,KHR: Riel,2020-09,4108.733333
KH,KHR: Riel,2020-10,4104.322581
KH,KHR: Riel,2020-11,4072.316667
KH,KHR: Riel,2020-12,4061.951613
KH,KHR: Riel,2021-01,4074.032258
KH,KHR: Riel,2021-02,4087.232143
KH,KHR: Riel,2021-03,4073.516129
KH,KHR: Riel,2021-04,4072.466667
KH,KHR: Riel,2021-05,4098.435484
KH,KHR: Riel,2021-06,4106.733333
KH,KHR: Riel,2021-07,4109.209677
KH,KHR: Riel,2021-08,4117.741935
KH,KHR: Riel,2021-09,4121.866667
KH,KHR: Riel,2021-10,4108.548387
KH,KHR: Riel,2021-11,4103.616667
KH,KHR: Riel,2021-12,4111.274194
KH,KHR: Riel,2022-01,4105.096774
KH,KHR: Riel,2022-02,4092.678571
KH,KHR: Riel,2022-03,4065.709677
KH,KHR: Riel,2022-04,4069.883333
KH,KHR: Riel,2022-05,4092.209677
KH,KHR: Riel,2022-06,4091.983333
KH,KHR: Riel,2022-07,4097.919355
KH,KHR: Riel,2022-08,4103.193548
KH,KHR: Riel,2022-09,4116.016667
KH,KHR: Riel,2022-10,4134.45
KH,KHR: Riel,2022-11,4138.716667
KH,KHR: Riel,2022-12,4116.596774
KH,KHR: Riel,2023-01,4115.53
KH,KHR: Riel,2023-02,4081.125
KH,KHR: Riel,2023-03,4056.435484
KH,KHR: Riel,2023-04,4074.633333
KH,KHR: Riel,2023-05,4117.516129
KH,KHR: Riel,2023-06,4124.2
KH,KHR: Riel,2023-07,4129.33871
KH,KHR: Riel,2023-08,4141.290323
KH,KHR: Riel,2023-09,4130.416667
KH,KHR: Riel,2023-10,4131.290323
KH,KHR: Riel,2023-11,4120.266667
KH,KHR: Riel,2023-12,4105.790323
KH,KHR: Riel,2024-01,4085.758065
KH,KHR: Riel,2024-02,4078.844828
KH,KHR: Riel,2024-03,4051.241935
KH,KHR: Riel,2024-04,4053.883333
KH,KHR: Riel,2024-05,4080.016129
KH,KHR: Riel,2024-06,4114.433333
KH,KHR: Riel,2024-07,4111.177419
KH,KHR: Riel,2024-08,4092.564516
KH,KHR: Riel,2024-09,4065.0
KH,KHR: Riel,2024-10,4064.806452
KH,KHR: Riel,2024-11,4045.766667
KH,KHR: Riel,2024-12,4025.274194
KH,KHR: Riel,2025-01,4033.048387
KH,KHR: Riel,2025-02,4015.839286
KH,KHR: Riel,2025-03,4008.951613
KH,KHR: Riel,2025-04,4006.616667
KH,KHR: Riel,2025-05,4006.301613
KH,KHR: Riel,2025-06,4010.925
KH,KHR: Riel,2025-07,4010.945161
KH,KHR: Riel,2025-08,4008.367742
KH,KHR: Riel,2025-09,4010.066667
KH,KHR: Riel,2025-10,4022.559946
KH,KHR: Riel,2025-11,4014.650167
CN,CNY: Renminbi,2013-01,6.223514
CN,CNY: Renminbi,2013-02,6.234145
CN,CNY: Renminbi,2013-03,6.217318
CN,CNY: Renminbi,2013-04,6.184893
CN,CNY: Renminbi,2013-05,6.140364
CN,CNY: Renminbi,2013-06,6.134439
CN,CNY: Renminbi,2013-07,6.134045
CN,CNY: Renminbi,2013-08,6.121697
CN,CNY: Renminbi,2013-09,6.120028
CN,CNY: Renminbi,2013-10,6.103982
CN,CNY: Renminbi,2013-11,6.093644
CN,CNY: Renminbi,2013-12,6.07492
CN,CNY: Renminbi,2014-01,6.051951
CN,CNY: Renminbi,2014-02,6.081207
CN,CNY: Renminbi,2014-03,6.173422
CN,CNY: Renminbi,2014-04,6.225025
CN,CNY: Renminbi,2014-05,6.237806
CN,CNY: Renminbi,2014-06,6.231294
CN,CNY: Renminbi,2014-07,6.199749
CN,CNY: Renminbi,2014-08,6.155322
CN,CNY: Renminbi,2014-09,6.13945
CN,CNY: Renminbi,2014-10,6.126127
CN,CNY: Renminbi,2014-11,6.126481
CN,CNY: Renminbi,2014-12,6.190039
CN,CNY: Renminbi,2015-01,6.218976
CN,CNY: Renminbi,2015-02,6.252176
CN,CNY: Renminbi,2015-03,6.239525
CN,CNY: Renminbi,2015-04,6.202888
CN,CNY: Renminbi,2015-05,6.203361
CN,CNY: Renminbi,2015-06,6.205743
CN,CNY: Renminbi,2015-07,6.208657
CN,CNY: Renminbi,2015-08,6.339296
CN,CNY: Renminbi,2015-09,6.36852
CN,CNY: Renminbi,2015-10,6.350274
CN,CNY: Renminbi,2015-11,6.371098
CN,CNY: Renminbi,2015-12,6.453057
CN,CNY: Renminbi,2016-01,6.574136
CN,CNY: Renminbi,2016-02,6.549882
CN,CNY: Renminbi,2016-03,6.506778
CN,CNY: Renminbi,2016-04,6.478554
CN,CNY: Renminbi,2016-05,6.530542
CN,CNY: Renminbi,2016-06,6.592455
CN,CNY: Renminbi,2016-07,6.677528
CN,CNY: Renminbi,2016-08,6.648173
CN,CNY: Renminbi,2016-09,6.673025
CN,CNY: Renminbi,2016-10,6.729756
CN,CNY: Renminbi,2016-11,6.842736
CN,CNY: Renminbi,2016-12,6.922789
CN,CNY: Renminbi,2017-01,6.895511
CN,CNY: Renminbi,2017-02,6.872602
CN,CNY: Renminbi,2017-03,6.897014
CN,CNY: Renminbi,2017-04,6.891173
CN,CNY: Renminbi,2017-05,6.885102
CN,CNY: Renminbi,2017-06,6.808887
CN,CNY: Renminbi,2017-07,6.773221
CN,CNY: Renminbi,2017-08,6.670848
CN,CNY: Renminbi,2017-09,6.568458
CN,CNY: Renminbi,2017-10,6.625751
CN,CNY: Renminbi,2017-11,6.6216
CN,CNY: Renminbi,2017-12,6.596276
CN,CNY: Renminbi,2018-01,6.42725
CN,CNY: Renminbi,2018-02,6.322437
CN,CNY: Renminbi,2018-03,6.321415
CN,CNY: Renminbi,2018-04,6.300631
CN,CNY: Renminbi,2018-05,6.374249
CN,CNY: Renminbi,2018-06,6.466318
CN,CNY: Renminbi,2018-07,6.71802
CN,CNY: Renminbi,2018-08,6.84865
CN,CNY: Renminbi,2018-09,6.855803
CN,CNY: Renminbi,2018-10,6.921122
CN,CNY: Renminbi,2018-11,6.939536
CN,CNY: Renminbi,2018-12,6.886526
CN,CNY: Renminbi,2019-01,6.788843
CN,CNY: Renminbi,2019-02,6.738166
CN,CNY: Renminbi,2019-03,6.71252
CN,CNY: Renminbi,2019-04,6.717222
CN,CNY: Renminbi,2019-05,6.860944
CN,CNY: Renminbi,2019-06,6.901175
CN,CNY: Renminbi,2019-07,6.877214
CN,CNY: Renminbi,2019-08,7.062691
CN,CNY: Renminbi,2019-09,7.117783
CN,CNY: Renminbi,2019-10,7.097845
CN,CNY: Renminbi,2019-11,7.019423
CN,CNY: Renminbi,2019-12,7.016311
CN,CNY: Renminbi,2020-01,6.921604
CN,CNY: Renminbi,2020-02,6.997025
CN,CNY: Renminbi,2020-03,7.021889
CN,CNY: Renminbi,2020-04,7.075899
CN,CNY: Renminbi,2020-05,7.107124
CN,CNY: Renminbi,2020-06,7.084636
CN,CNY: Renminbi,2020-07,7.009634
CN,CNY: Renminbi,2020-08,6.928833
CN,CNY: Renminbi,2020-09,6.812286
CN,CNY: Renminbi,2020-10,6.728191
CN,CNY: Renminbi,2020-11,6.602048
CN,CNY: Renminbi,2020-12,6.541034
CN,CNY: Renminbi,2021-01,6.46877
CN,CNY: Renminbi,2021-02,6.45869
CN,CNY: Renminbi,2021-03,6.510379
CN,CNY: Renminbi,2021-04,6.515889
CN,CNY: Renminbi,2021-05,6.431057
CN,CNY: Renminbi,2021-06,6.424389
CN,CNY: Renminbi,2021-07,6.474174
CN,CNY: Renminbi,2021-08,6.476238
CN,CNY: Renminbi,2021-09,6.45756
CN,CNY: Renminbi,2021-10,6.421615
CN,CNY: Renminbi,2021-11,6.389192
CN,CNY: Renminbi,2021-12,6.368903
CN,CNY: Renminbi,2022-01,6.356662
CN,CNY: Renminbi,2022-02,6.344247
CN,CNY: Renminbi,2022-03,6.345085
CN,CNY: Renminbi,2022-04,6.43484
CN,CNY: Renminbi,2022-05,6.695864
CN,CNY: Renminbi,2022-06,6.694826
CN,CNY: Renminbi,2022-07,6.733494
CN,CNY: Renminbi,2022-08,6.801665
CN,CNY: Renminbi,2022-09,7.019708
CN,CNY: Renminbi,2022-10,7.194049
CN,CNY: Renminbi,2022-11,7.173986
CN,CNY: Renminbi,2022-12,6.975291
CN,CNY: Renminbi,2023-01,6.795227
CN,CNY: Renminbi,2023-02,6.836268
CN,CNY: Renminbi,2023-03,6.894324
CN,CNY: Renminbi,2023-04,6.88939
CN,CNY: Renminbi,2023-05,6.989238
CN,CNY: Renminbi,2023-06,7.16332
CN,CNY: Renminbi,2023-07,7.187955
CN,CNY: Renminbi,2023-08,7.25081
CN,CNY: Renminbi,2023-09,7.297713
CN,CNY: Renminbi,2023-10,7.308831
CN,CNY: Renminbi,2023-11,7.225581
CN,CNY: Renminbi,2023-12,7.142167
CN,CNY: Renminbi,2024-01,7.171082
CN,CNY: Renminbi,2024-02,7.193399
CN,CNY: Renminbi,2024-03,7.201611
CN,CNY: Renminbi,2024-04,7.238992
CN,CNY: Renminbi,2024-05,7.233124
CN,CNY: Renminbi,2024-06,7.254512
CN,CNY: Renminbi,2024-07,7.262014
CN,CNY: Renminbi,2024-08,7.150139
CN,CNY: Renminbi,2024-09,7.078402
CN,CNY: Renminbi,2024-10,7.08703
CN,CNY: Renminbi,2024-11,7.208144
CN,CNY: Renminbi,2024-12,7.281319
CN,CNY: Renminbi,2025-01,7.298065
CN,CNY: Renminbi,2025-02,7.274878
CN,CNY: Renminbi,2025-03,7.250495
CN,CNY: Renminbi,2025-04,7.298978
CN,CNY: Renminbi,2025-05,7.212968
CN,CNY: Renminbi,2025-06,7.181275
CN,CNY: Renminbi,2025-07,7.172676
CN,CNY: Renminbi,2025-08,7.173868
CN,CNY: Renminbi,2025-09,7.124541
CN,CNY: Renminbi,2025-10,7.120151
CN,CNY: Renminbi,2025-11,7.10623
CN,CNY: Renminbi,2025-12,7.045322
CN,CNY: Renminbi,2026-01,6.969328
CO,COP: Colombian peso,2013-01,1769.672581
CO,COP: Colombian peso,2013-02,1790.547857
CO,COP: Colombian peso,2013-03,1813.74871
CO,COP: Colombian peso,2013-04,1830.231333
CO,COP: Colombian peso,2013-05,1847.92129
CO,COP: Colombian peso,2013-06,1909.849333
CO,COP: Colombian peso,2013-07,1901.542581
CO,COP: Colombian peso,2013-08,1902.104194
CO,COP: Colombian peso,2013-09,1919.512333
CO,COP: Colombian peso,2013-10,1885.13129
CO,COP: Colombian peso,2013-11,1921.753
CO,COP: Colombian peso,2013-12,1932.956129
CO,COP: Colombian peso,2014-01,1957.287097
CO,COP: Colombian peso,2014-02,2038.4925
CO,COP: Colombian peso,2014-03,2019.713226
CO,COP: Colombian peso,2014-04,1938.360333
CO,COP: Colombian peso,2014-05,1915.360968
CO,COP: Colombian peso,2014-06,1887.039333
CO,COP: Colombian peso,2014-07,1857.644194
CO,COP: Colombian peso,2014-08,1898.125161
CO,COP: Colombian peso,2014-09,1973.716667
CO,COP: Colombian peso,2014-10,2048.567419
CO,COP: Colombian peso,2014-11,2128.683667
CO,COP: Colombian peso,2014-12,2342.253548
CO,COP: Colombian peso,2015-01,2397.258065
CO,COP: Colombian peso,2015-02,2420.6725
CO,COP: Colombian peso,2015-03,2585.362258
CO,COP: Colombian peso,2015-04,2505.248
CO,COP: Colombian peso,2015-05,2437.535161
CO,COP: Colombian peso,2015-06,2562.477667
CO,COP: Colombian peso,2015-07,2732.035806
CO,COP: Colombian peso,2015-08,3012.587419
CO,COP: Colombian peso,2015-09,3066.408
CO,COP: Colombian peso,2015-10,2929.472258
CO,COP: Colombian peso,2015-11,3001.376333
CO,COP: Colombian peso,2015-12,3244.201613
CO,COP: Colombian peso,2016-01,3270.195161
CO,COP: Colombian peso,2016-02,3354.955862
CO,COP: Colombian peso,2016-03,3128.789032
CO,COP: Colombian peso,2016-04,2997.727
CO,COP: Colombian peso,2016-05,2993.508387
CO,COP: Colombian peso,2016-06,2992.858667
CO,COP: Colombian peso,2016-07,2960.999677
CO,COP: Colombian peso,2016-08,2952.766774
CO,COP: Colombian peso,2016-09,2924.265333
CO,COP: Colombian peso,2016-10,2929.38871
CO,COP: Colombian peso,2016-11,3110.258667
CO,COP: Colombian peso,2016-12,3009.863871
CO,COP: Colombian peso,2017-01,2941.399355
CO,COP: Colombian peso,2017-02,2879.556071
CO,COP: Colombian peso,2017-03,2942.286129
CO,COP: Colombian peso,2017-04,2876.821667
CO,COP: Colombian peso,2017-05,2924.225667
CO,COP: Colombian peso,2017-06,2957.098333
CO,COP: Colombian peso,2017-07,3036.583871
CO,COP: Colombian peso,2017-08,2973.204839
CO,COP: Colombian peso,2017-09,2917.085
CO,COP: Colombian peso,2017-10,2953.755806
CO,COP: Colombian peso,2017-11,3013.466667
CO,COP: Colombian peso,2017-12,2991.761935
CO,COP: Colombian peso,2018-01,2868.572258
CO,COP: Colombian peso,2018-02,2860.252857
CO,COP: Colombian peso,2018-03,2847.930645
CO,COP: Colombian peso,2018-04,2766.285
CO,COP: Colombian peso,2018-05,2861.825806
CO,COP: Colombian peso,2018-06,2889.689
CO,COP: Colombian peso,2018-07,2885.321935
CO,COP: Colombian peso,2018-08,2958.666774
CO,COP: Colombian peso,2018-09,3033.768
CO,COP: Colombian peso,2018-10,3084.830968
CO,COP: Colombian peso,2018-11,3194.034333
CO,COP: Colombian peso,2018-12,3218.550968
CO,COP: Colombian peso,2019-01,3165.188065
CO,COP: Colombian peso,2019-02,3115.838571
CO,COP: Colombian peso,2019-03,3128.684194
CO,COP: Colombian peso,2019-04,3156.765
CO,COP: Colombian peso,2019-05,3304.494516
CO,COP: Colombian peso,2019-06,3259.227667
CO,COP: Colombian peso,2019-07,3206.600323
CO,COP: Colombian peso,2019-08,3410.728065
CO,COP: Colombian peso,2019-09,3399.457
CO,COP: Colombian peso,2019-10,3433.310645
CO,COP: Colombian peso,2019-11,3401.473
CO,COP: Colombian peso,2019-12,3378.050645
CO,COP: Colombian peso,2020-01,3311.189355
CO,COP: Colombian peso,2020-02,3411.052759
CO,COP: Colombian peso,2020-03,3877.048387
CO,COP: Colombian peso,2020-04,3977.393333
CO,COP: Colombian peso,2020-05,3858.191613
CO,COP: Colombian peso,2020-06,3701.604333
CO,COP: Colombian peso,2020-07,3657.866774
CO,COP: Colombian peso,2020-08,3783.025806
CO,COP: Colombian peso,2020-09,3750.215333
CO,COP: Colombian peso,2020-10,3833.788387
CO,COP: Colombian peso,2020-11,3685.626667
CO,COP: Colombian peso,2020-12,3466.127097
CO,COP: Colombian peso,2021-01,3491.321613
CO,COP: Colombian peso,2021-02,3554.504286
CO,COP: Colombian peso,2021-03,3612.768387
CO,COP: Colombian peso,2021-04,3650.776
CO,COP: Colombian peso,2021-05,3735.666129
CO,COP: Colombian peso,2021-06,3685.042667
CO,COP: Colombian peso,2021-07,3826.449
CO,COP: Colombian peso,2021-08,3881.183548
CO,COP: Colombian peso,2021-09,3821.537667
CO,COP: Colombian peso,2021-10,3773.384194
CO,COP: Colombian peso,2021-11,3902.901
CO,COP: Colombian peso,2021-12,3963.133548
CO,COP: Colombian peso,2022-01,3999.616129
CO,COP: Colombian peso,2022-02,3935.835714
CO,COP: Colombian peso,2022-03,3807.170968
CO,COP: Colombian peso,2022-04,3792.982
CO,COP: Colombian peso,2022-05,4019.079355
CO,COP: Colombian peso,2022-06,3930.766667
CO,COP: Colombian peso,2022-07,4367.805806
CO,COP: Colombian peso,2022-08,4322.469355
CO,COP: Colombian peso,2022-09,4433.651
CO,COP: Colombian peso,2022-10,4711.830323
CO,COP: Colombian peso,2022-11,4926.660667
CO,COP: Colombian peso,2022-12,4788.490645
CO,COP: Colombian peso,2023-01,4715.203871
CO,COP: Colombian peso,2023-02,4803.1125
CO,COP: Colombian peso,2023-03,4766.305806
CO,COP: Colombian peso,2023-04,4542.674333
CO,COP: Colombian peso,2023-05,4540.089032
CO,COP: Colombian peso,2023-06,4209.268
CO,COP: Colombian peso,2023-07,4069.233548
CO,COP: Colombian peso,2023-08,4070.725161
CO,COP: Colombian peso,2023-09,4004.520667
CO,COP: Colombian peso,2023-10,4222.433226
CO,COP: Colombian peso,2023-11,4038.804667
CO,COP: Colombian peso,2023-12,3948.206774
CO,COP: Colombian peso,2024-01,3915.19871
CO,COP: Colombian peso,2024-02,3931.438621
CO,COP: Colombian peso,2024-03,3899.34129
CO,COP: Colombian peso,2024-04,3867.975333
CO,COP: Colombian peso,2024-05,3869.100645
CO,COP: Colombian peso,2024-06,4042.797
CO,COP: Colombian peso,2024-07,4036.921935
CO,COP: Colombian peso,2024-08,4065.546452
CO,COP: Colombian peso,2024-09,4182.512333
CO,COP: Colombian peso,2024-10,4249.47
CO,COP: Colombian peso,2024-11,4408.652333
CO,COP: Colombian peso,2024-12,4385.14871
CO,COP: Colombian peso,2025-01,4307.567419
CO,COP: Colombian peso,2025-02,4127.953929
CO,COP: Colombian peso,2025-03,4137.684516
CO,COP: Colombian peso,2025-04,4280.258
CO,COP: Colombian peso,2025-05,4203.377097
CO,COP: Colombian peso,2025-06,4113.485
CO,COP: Colombian peso,2025-07,4040.848387
CO,COP: Colombian peso,2025-08,4047.411613
CO,COP: Colombian peso,2025-09,3922.212
CO,COP: Colombian peso,2025-10,3877.844839
CO,COP: Colombian peso,2025-11,3786.183333
CO,COP: Colombian peso,2025-12,3791.471935
CO,COP: Colombian peso,2026-01,3702.999032
XM,EUR: Euro,2013-01,0.752659
XM,EUR: Euro,2013-02,0.748661
XM,EUR: Euro,2013-03,0.771422
XM,EUR: Euro,2013-04,0.767735
XM,EUR: Euro,2013-05,0.770342
XM,EUR: Euro,2013-06,0.758286
XM,EUR: Euro,2013-07,0.764609
XM,EUR: Euro,2013-08,0.751355
XM,EUR: Euro,2013-09,0.749265
XM,EUR: Euro,2013-10,0.733446
XM,EUR: Euro,2013-11,0.741147
XM,EUR: Euro,2013-12,0.729759
XM,EUR: Euro,2014-01,0.734749
XM,EUR: Euro,2014-02,0.732177
XM,EUR: Euro,2014-03,0.723474
XM,EUR: Euro,2014-04,0.723989
XM,EUR: Euro,2014-05,0.728267
XM,EUR: Euro,2014-06,0.735712
XM,EUR: Euro,2014-07,0.738628
XM,EUR: Euro,2014-08,0.751
XM,EUR: Euro,2014-09,0.775198
XM,EUR: Euro,2014-10,0.789121
XM,EUR: Euro,2014-11,0.801792
XM,EUR: Euro,2014-12,0.811005
XM,EUR: Euro,2015-01,0.860865
XM,EUR: Euro,2015-02,0.881106
XM,EUR: Euro,2015-03,0.923022
XM,EUR: Euro,2015-04,0.927893
XM,EUR: Euro,2015-05,0.897068
XM,EUR: Euro,2015-06,0.89187
XM,EUR: Euro,2015-07,0.909492
XM,EUR: Euro,2015-08,0.897978
XM,EUR: Euro,2015-09,0.891207
XM,EUR: Euro,2015-10,0.890221
XM,EUR: Euro,2015-11,0.931577
XM,EUR: Euro,2015-12,0.919451
XM,EUR: Euro,2016-01,0.92086
XM,EUR: Euro,2016-02,0.9016
XM,EUR: Euro,2016-03,0.901115
XM,EUR: Euro,2016-04,0.881915
XM,EUR: Euro,2016-05,0.884204
XM,EUR: Euro,2016-06,0.890646
XM,EUR: Euro,2016-07,0.903484
XM,EUR: Euro,2016-08,0.891965
XM,EUR: Euro,2016-09,0.891907
XM,EUR: Euro,2016-10,0.907036
XM,EUR: Euro,2016-11,0.926326
XM,EUR: Euro,2016-12,0.948636
XM,EUR: Euro,2017-01,0.942206
XM,EUR: Euro,2017-02,0.939664
XM,EUR: Euro,2017-03,0.936016
XM,EUR: Euro,2017-04,0.932703
XM,EUR: Euro,2017-05,0.904505
XM,EUR: Euro,2017-06,0.890555
XM,EUR: Euro,2017-07,0.868839
XM,EUR: Euro,2017-08,0.84701
XM,EUR: Euro,2017-09,0.839346
XM,EUR: Euro,2017-10,0.850666
XM,EUR: Euro,2017-11,0.852009
XM,EUR: Euro,2017-12,0.844888
XM,EUR: Euro,2018-01,0.819851
XM,EUR: Euro,2018-02,0.809896
XM,EUR: Euro,2018-03,0.810642
XM,EUR: Euro,2018-04,0.814625
XM,EUR: Euro,2018-05,0.846676
XM,EUR: Euro,2018-06,0.856336
XM,EUR: Euro,2018-07,0.855759
XM,EUR: Euro,2018-08,0.865963
XM,EUR: Euro,2018-09,0.857763
XM,EUR: Euro,2018-10,0.870816
XM,EUR: Euro,2018-11,0.879773
XM,EUR: Euro,2018-12,0.878423
XM,EUR: Euro,2019-01,0.875952
XM,EUR: Euro,2019-02,0.880989
XM,EUR: Euro,2019-03,0.884778
XM,EUR: Euro,2019-04,0.88984
XM,EUR: Euro,2019-05,0.894093
XM,EUR: Euro,2019-06,0.8855
XM,EUR: Euro,2019-07,0.891421
XM,EUR: Euro,2019-08,0.898802
XM,EUR: Euro,2019-09,0.908787
XM,EUR: Euro,2019-10,0.904811
XM,EUR: Euro,2019-11,0.904915
XM,EUR: Euro,2019-12,0.899828
XM,EUR: Euro,2020-01,0.900894
XM,EUR: Euro,2020-02,0.917069
XM,EUR: Euro,2020-03,0.904184
XM,EUR: Euro,2020-04,0.920667
XM,EUR: Euro,2020-05,0.917339
XM,EUR: Euro,2020-06,0.888553
XM,EUR: Euro,2020-07,0.872574
XM,EUR: Euro,2020-08,0.845465
XM,EUR: Euro,2020-09,0.84805
XM,EUR: Euro,2020-10,0.849257
XM,EUR: Euro,2020-11,0.844779
XM,EUR: Euro,2020-12,0.821741
XM,EUR: Euro,2021-01,0.821664
XM,EUR: Euro,2021-02,0.82661
XM,EUR: Euro,2021-03,0.840449
XM,EUR: Euro,2021-04,0.834848
XM,EUR: Euro,2021-05,0.823353
XM,EUR: Euro,2021-06,0.830167
XM,EUR: Euro,2021-07,0.845902
XM,EUR: Euro,2021-08,0.849508
XM,EUR: Euro,2021-09,0.849631
XM,EUR: Euro,2021-10,0.861965
XM,EUR: Euro,2021-11,0.876236
XM,EUR: Euro,2021-12,0.884663
XM,EUR: Euro,2022-01,0.883871
XM,EUR: Euro,2022-02,0.881733
XM,EUR: Euro,2022-03,0.907563
XM,EUR: Euro,2022-04,0.9245
XM,EUR: Euro,2022-05,0.9454
XM,EUR: Euro,2022-06,0.946557
XM,EUR: Euro,2022-07,0.982536
XM,EUR: Euro,2022-08,0.987459
XM,EUR: Euro,2022-09,1.009978
XM,EUR: Euro,2022-10,1.017846
XM,EUR: Euro,2022-11,0.980708
XM,EUR: Euro,2022-12,0.944418
XM,EUR: Euro,2023-01,0.928699
XM,EUR: Euro,2023-02,0.933363
XM,EUR: Euro,2023-03,0.934169
XM,EUR: Euro,2023-04,0.911788
XM,EUR: Euro,2023-05,0.920274
XM,EUR: Euro,2023-06,0.922596
XM,EUR: Euro,2023-07,0.904425
XM,EUR: Euro,2023-08,0.916717
XM,EUR: Euro,2023-09,0.936042
XM,EUR: Euro,2023-10,0.946756
XM,EUR: Euro,2023-11,0.925352
XM,EUR: Euro,2023-12,0.917265
XM,EUR: Euro,2024-01,0.917013
XM,EUR: Euro,2024-02,0.926394
XM,EUR: Euro,2024-03,0.919791
XM,EUR: Euro,2024-04,0.93221
XM,EUR: Euro,2024-05,0.924899
XM,EUR: Euro,2024-06,0.929492
XM,EUR: Euro,2024-07,0.922184
XM,EUR: Euro,2024-08,0.908168
XM,EUR: Euro,2024-09,0.900436
XM,EUR: Euro,2024-10,0.91713
XM,EUR: Euro,2024-11,0.940876
XM,EUR: Euro,2024-12,0.954343
XM,EUR: Euro,2025-01,0.965891
XM,EUR: Euro,2025-02,0.96042
XM,EUR: Euro,2025-03,0.92544
XM,EUR: Euro,2025-04,0.892066
XM,EUR: Euro,2025-05,0.886719
XM,EUR: Euro,2025-06,0.868414
XM,EUR: Euro,2025-07,0.856442
XM,EUR: Euro,2025-08,0.859768
XM,EUR: Euro,2025-09,0.85237
XM,EUR: Euro,2025-10,0.859833
XM,EUR: Euro,2025-11,0.865047
XM,EUR: Euro,2025-12,0.854083
XM,EUR: Euro,2026-01,0.851995
PH,PHP: Philippine peso,2013-01,40.717713
PH,PHP: Philippine peso,2013-02,40.688326
PH,PHP: Philippine peso,2013-03,40.739739
PH,PHP: Philippine peso,2013-04,41.186047
PH,PHP: Philippine peso,2013-05,41.361491
PH,PHP: Philippine peso,2013-06,42.958442
PH,PHP: Philippine peso,2013-07,43.347424
PH,PHP: Philippine peso,2013-08,43.931303
PH,PHP: Philippine peso,2013-09,43.71603
PH,PHP: Philippine peso,2013-10,43.131318
PH,PHP: Philippine peso,2013-11,43.586399
PH,PHP: Philippine peso,2013-12,44.185995
PH,PHP: Philippine peso,2014-01,45.0128
PH,PHP: Philippine peso,2014-02,44.837008
PH,PHP: Philippine peso,2014-03,44.783211
PH,PHP: Philippine peso,2014-04,44.631095
PH,PHP: Philippine peso,2014-05,43.879761
PH,PHP: Philippine peso,2014-06,43.806363
PH,PHP: Philippine peso,2014-07,43.461407
PH,PHP: Philippine peso,2014-08,43.796199
PH,PHP: Philippine peso,2014-09,44.21122
PH,PHP: Philippine peso,2014-10,44.826523
PH,PHP: Philippine peso,2014-11,44.981068
PH,PHP: Philippine peso,2014-12,44.676726
PH,PHP: Philippine peso,2015-01,44.558212
PH,PHP: Philippine peso,2015-02,44.20812
PH,PHP: Philippine peso,2015-03,44.500799
PH,PHP: Philippine peso,2015-04,44.403047
PH,PHP: Philippine peso,2015-05,44.612757
PH,PHP: Philippine peso,2015-06,45.042146
PH,PHP: Philippine peso,2015-07,45.302814
PH,PHP: Philippine peso,2015-08,46.260758
PH,PHP: Philippine peso,2015-09,46.747857
PH,PHP: Philippine peso,2015-10,46.350045
PH,PHP: Philippine peso,2015-11,47.07348
PH,PHP: Philippine peso,2015-12,47.196541
PH,PHP: Philippine peso,2016-01,47.564592
PH,PHP: Philippine peso,2016-02,47.612658
PH,PHP: Philippine peso,2016-03,46.601896
PH,PHP: Philippine peso,2016-04,46.386026
PH,PHP: Philippine peso,2016-05,46.812201
PH,PHP: Philippine peso,2016-06,46.465632
PH,PHP: Philippine peso,2016-07,47.072118
PH,PHP: Philippine peso,2016-08,46.607825
PH,PHP: Philippine peso,2016-09,47.590414
PH,PHP: Philippine peso,2016-10,48.344224
PH,PHP: Philippine peso,2016-11,49.237159
PH,PHP: Philippine peso,2016-12,49.791055
PH,PHP: Philippine peso,2017-01,49.742701
PH,PHP: Philippine peso,2017-02,49.995994
PH,PHP: Philippine peso,2017-03,50.24398
PH,PHP: Philippine peso,2017-04,49.838735
PH,PHP: Philippine peso,2017-05,49.838625
PH,PHP: Philippine peso,2017-06,49.907403
PH,PHP: Philippine peso,2017-07,50.652577
PH,PHP: Philippine peso,2017-08,50.955863
PH,PHP: Philippine peso,2017-09,50.973182
PH,PHP: Philippine peso,2017-10,51.439443
PH,PHP: Philippine peso,2017-11,50.891738
PH,PHP: Philippine peso,2017-12,50.356318
PH,PHP: Philippine peso,2018-01,50.598019
PH,PHP: Philippine peso,2018-02,51.930561
PH,PHP: Philippine peso,2018-03,52.114203
PH,PHP: Philippine peso,2018-04,52.051815
PH,PHP: Philippine peso,2018-05,52.274968
PH,PHP: Philippine peso,2018-06,53.124255
PH,PHP: Philippine peso,2018-07,53.393641
PH,PHP: Philippine peso,2018-08,53.286375
PH,PHP: Philippine peso,2018-09,53.999448
PH,PHP: Philippine peso,2018-10,53.942973
PH,PHP: Philippine peso,2018-11,52.748465
PH,PHP: Philippine peso,2018-12,52.823232
PH,PHP: Philippine peso,2019-01,52.453819
PH,PHP: Philippine peso,2019-02,52.160016
PH,PHP: Philippine peso,2019-03,52.517785
PH,PHP: Philippine peso,2019-04,52.028403
PH,PHP: Philippine peso,2019-05,52.289046
PH,PHP: Philippine peso,2019-06,51.735091
PH,PHP: Philippine peso,2019-07,51.110886
PH,PHP: Philippine peso,2019-08,52.196124
PH,PHP: Philippine peso,2019-09,52.077991
PH,PHP: Philippine peso,2019-10,51.447629
PH,PHP: Philippine peso,2019-11,50.730621
PH,PHP: Philippine peso,2019-12,50.778469
PH,PHP: Philippine peso,2020-01,50.841529
PH,PHP: Philippine peso,2020-02,50.774018
PH,PHP: Philippine peso,2020-03,51.03023
PH,PHP: Philippine peso,2020-04,50.695754
PH,PHP: Philippine peso,2020-05,50.560752
PH,PHP: Philippine peso,2020-06,50.053812
PH,PHP: Philippine peso,2020-07,49.393295
PH,PHP: Philippine peso,2020-08,48.767815
PH,PHP: Philippine peso,2020-09,48.525009
PH,PHP: Philippine peso,2020-10,48.497622
PH,PHP: Philippine peso,2020-11,48.25857
PH,PHP: Philippine peso,2020-12,48.09199
PH,PHP: Philippine peso,2021-01,48.064022
PH,PHP: Philippine peso,2021-02,48.273097
PH,PHP: Philippine peso,2021-03,48.560861
PH,PHP: Philippine peso,2021-04,48.474144
PH,PHP: Philippine peso,2021-05,47.935919
PH,PHP: Philippine peso,2021-06,48.181764
PH,PHP: Philippine peso,2021-07,50.13179
PH,PHP: Philippine peso,2021-08,50.195273
PH,PHP: Philippine peso,2021-09,50.22572
PH,PHP: Philippine peso,2021-10,50.713812
PH,PHP: Philippine peso,2021-11,50.353344
PH,PHP: Philippine peso,2021-12,50.351875
PH,PHP: Philippine peso,2022-01,51.262052
PH,PHP: Philippine peso,2022-02,51.281629
PH,PHP: Philippine peso,2022-03,52.106735
PH,PHP: Philippine peso,2022-04,52.009378
PH,PHP: Philippine peso,2022-05,52.390829
PH,PHP: Philippine peso,2022-06,53.721879
PH,PHP: Philippine peso,2022-07,55.920378
PH,PHP: Philippine peso,2022-08,55.827877
PH,PHP: Philippine peso,2022-09,57.640402
PH,PHP: Philippine peso,2022-10,58.765261
PH,PHP: Philippine peso,2022-11,57.511225
PH,PHP: Philippine peso,2022-12,55.614309
PH,PHP: Philippine peso,2023-01,54.942074
PH,PHP: Philippine peso,2023-02,54.826822
PH,PHP: Philippine peso,2023-03,54.721636
PH,PHP: Philippine peso,2023-04,55.440615
PH,PHP: Philippine peso,2023-05,55.768846
PH,PHP: Philippine peso,2023-06,55.791568
PH,PHP: Philippine peso,2023-07,54.886533
PH,PHP: Philippine peso,2023-08,56.341664
PH,PHP: Philippine peso,2023-09,56.782454
PH,PHP: Philippine peso,2023-10,56.79873
PH,PHP: Philippine peso,2023-11,55.780693
PH,PHP: Philippine peso,2023-12,55.574133
PH,PHP: Philippine peso,2024-01,56.019845
PH,PHP: Philippine peso,2024-02,56.033221
PH,PHP: Philippine peso,2024-03,55.864422
PH,PHP: Philippine peso,2024-04,57.023764
PH,PHP: Philippine peso,2024-05,57.824997
PH,PHP: Philippine peso,2024-06,58.720355
PH,PHP: Philippine peso,2024-07,58.480485
PH,PHP: Philippine peso,2024-08,56.952175
PH,PHP: Philippine peso,2024-09,56.056909
PH,PHP: Philippine peso,2024-10,57.464152
PH,PHP: Philippine peso,2024-11,58.712281
PH,PHP: Philippine peso,2024-12,58.40756
PH,PHP: Philippine peso,2025-01,58.413408
PH,PHP: Philippine peso,2025-02,58.048961
PH,PHP: Philippine peso,2025-03,57.384226
PH,PHP: Philippine peso,2025-04,56.849483
PH,PHP: Philippine peso,2025-05,55.632187
PH,PHP: Philippine peso,2025-06,56.353816
PH,PHP: Philippine peso,2025-07,56.880086
PH,PHP: Philippine peso,2025-08,57.133279
PH,PHP: Philippine peso,2025-09,57.28867
PH,PHP: Philippine peso,2025-10,58.368525
PH,PHP: Philippine peso,2025-11,58.879371
PH,PHP: Philippine peso,2025-12,58.880784
PH,PHP: Philippine peso,2026-01,59.191999
PE,PEN: Sol,2013-01,2.5522727272727
PE,PEN: Sol,2013-02,2.5783684210526
PE,PEN: Sol,2013-03,2.5942631578947
PE,PEN: Sol,2013-04,2.5978636363636
PE,PEN: Sol,2013-05,2.6445909090909
PE,PEN: Sol,2013-06,2.7477368421053
PE,PEN: Sol,2013-07,2.777
PE,PEN: Sol,2013-08,2.8019047619048
PE,PEN: Sol,2013-09,2.7788095238095
PE,PEN: Sol,2013-10,2.7692380952381
PE,PEN: Sol,2013-11,2.7984
PE,PEN: Sol,2013-12,2.7855
PE,PEN: Sol,2014-01,2.8091818181818
PE,PEN: Sol,2014-02,2.81295
PE,PEN: Sol,2014-03,2.8066666666667
PE,PEN: Sol,2014-04,2.7945
PE,PEN: Sol,2014-05,2.7872857142857
PE,PEN: Sol,2014-06,2.794380952381
PE,PEN: Sol,2014-07,2.786380952381
PE,PEN: Sol,2014-08,2.8147142857143
PE,PEN: Sol,2014-09,2.8641363636364
PE,PEN: Sol,2014-10,2.9062727272727
PE,PEN: Sol,2014-11,2.9252
PE,PEN: Sol,2014-12,2.9616666666667
PE,PEN: Sol,2015-01,3.00575
PE,PEN: Sol,2015-02,3.07885
PE,PEN: Sol,2015-03,3.0918636363636
PE,PEN: Sol,2015-04,3.12025
PE,PEN: Sol,2015-05,3.1506
PE,PEN: Sol,2015-06,3.1614285714286
PE,PEN: Sol,2015-07,3.1814
PE,PEN: Sol,2015-08,3.238619047619
PE,PEN: Sol,2015-09,3.2188636363636
PE,PEN: Sol,2015-10,3.2486
PE,PEN: Sol,2015-11,3.3368571428571
PE,PEN: Sol,2015-12,3.383
PE,PEN: Sol,2016-01,3.4376
PE,PEN: Sol,2016-02,3.5061428571429
PE,PEN: Sol,2016-03,3.4076666666667
PE,PEN: Sol,2016-04,3.3018571428571
PE,PEN: Sol,2016-05,3.334
PE,PEN: Sol,2016-06,3.3168095238095
PE,PEN: Sol,2016-07,3.2989473684211
PE,PEN: Sol,2016-08,3.3333181818182
PE,PEN: Sol,2016-09,3.3825909090909
PE,PEN: Sol,2016-10,3.3862380952381
PE,PEN: Sol,2016-11,3.4031578947368
PE,PEN: Sol,2016-12,3.395619047619
PE,PEN: Sol,2017-01,3.3402727272727
PE,PEN: Sol,2017-02,3.2601
PE,PEN: Sol,2017-03,3.264
PE,PEN: Sol,2017-04,3.2476666666667
PE,PEN: Sol,2017-05,3.2730454545455
PE,PEN: Sol,2017-06,3.268
PE,PEN: Sol,2017-07,3.2492105263158
PE,PEN: Sol,2017-08,3.2416363636364
PE,PEN: Sol,2017-09,3.246380952381
PE,PEN: Sol,2017-10,3.2511818181818
PE,PEN: Sol,2017-11,3.2407619047619
PE,PEN: Sol,2017-12,3.2465789473684
PE,PEN: Sol,2018-01,3.215380952381
PE,PEN: Sol,2018-02,3.2486
PE,PEN: Sol,2018-03,3.25215
PE,PEN: Sol,2018-04,3.23085
PE,PEN: Sol,2018-05,3.2738181818182
PE,PEN: Sol,2018-06,3.27115
PE,PEN: Sol,2018-07,3.2768571428571
PE,PEN: Sol,2018-08,3.288380952381
PE,PEN: Sol,2018-09,3.3116
PE,PEN: Sol,2018-10,3.3340681818182
PE,PEN: Sol,2018-11,3.374675
PE,PEN: Sol,2018-12,3.3640263157895
PE,PEN: Sol,2019-01,3.3438636363636
PE,PEN: Sol,2019-02,3.321475
PE,PEN: Sol,2019-03,3.3046904761905
PE,PEN: Sol,2019-04,3.303825
PE,PEN: Sol,2019-05,3.3323636363636
PE,PEN: Sol,2019-06,3.32565
PE,PEN: Sol,2019-07,3.2902142857143
PE,PEN: Sol,2019-08,3.37756
PE,PEN: Sol,2019-09,3.3573571428571
PE,PEN: Sol,2019-10,3.3597857142857
PE,PEN: Sol,2019-11,3.3717
PE,PEN: Sol,2019-12,3.3535909090909
PE,PEN: Sol,2020-01,3.3272272727273
PE,PEN: Sol,2020-02,3.390075
PE,PEN: Sol,2020-03,3.4913636363636
PE,PEN: Sol,2020-04,3.3975
PE,PEN: Sol,2020-05,3.42115
PE,PEN: Sol,2020-06,3.4701666666667
PE,PEN: Sol,2020-07,3.5167045454545
PE,PEN: Sol,2020-08,3.5639285714286
PE,PEN: Sol,2020-09,3.5549090909091
PE,PEN: Sol,2020-10,3.5956136363636
PE,PEN: Sol,2020-11,3.6077619047619
PE,PEN: Sol,2020-12,3.602619047619
PE,PEN: Sol,2021-01,3.624575
PE,PEN: Sol,2021-02,3.645275
PE,PEN: Sol,2021-03,3.708152173913
PE,PEN: Sol,2021-04,3.69945
PE,PEN: Sol,2021-05,3.7735476190476
PE,PEN: Sol,2021-06,3.9103095238095
PE,PEN: Sol,2021-07,3.94025
PE,PEN: Sol,2021-08,4.0861904761905
PE,PEN: Sol,2021-09,4.1074772727273
PE,PEN: Sol,2021-10,4.01505
PE,PEN: Sol,2021-11,4.0195952380952
PE,PEN: Sol,2021-12,4.0369772727273
PE,PEN: Sol,2022-01,3.8892857142857
PE,PEN: Sol,2022-02,3.7908
PE,PEN: Sol,2022-03,3.7387826086957
PE,PEN: Sol,2022-04,3.7411111111111
PE,PEN: Sol,2022-05,3.7575454545455
PE,PEN: Sol,2022-06,3.7471428571429
PE,PEN: Sol,2022-07,3.9021842105263
PE,PEN: Sol,2022-08,3.8737954545455
PE,PEN: Sol,2022-09,3.8977045454545
PE,PEN: Sol,2022-10,3.9787142857143
PE,PEN: Sol,2022-11,3.8773095238095
PE,PEN: Sol,2022-12,3.829175
PE,PEN: Sol,2023-01,3.8327857142857
PE,PEN: Sol,2023-02,3.840875
PE,PEN: Sol,2023-03,3.7796086956522
PE,PEN: Sol,2023-04,3.7656111111111
PE,PEN: Sol,2023-05,3.6887045454545
PE,PEN: Sol,2023-06,3.6508571428571
PE,PEN: Sol,2023-07,3.6037631578947
PE,PEN: Sol,2023-08,3.6928157894737
PE,PEN: Sol,2023-09,3.7296666666667
PE,PEN: Sol,2023-10,3.8444090909091
PE,PEN: Sol,2023-11,3.761880952381
PE,PEN: Sol,2023-12,3.7336842105263
PE,PEN: Sol,2024-01,3.74
PE,PEN: Sol,2024-02,3.8218055555556
PE,PEN: Sol,2024-03,3.7095526315789
PE,PEN: Sol,2024-04,3.7131590909091
PE,PEN: Sol,2024-05,3.7309772727273
PE,PEN: Sol,2024-06,3.7846315789474
PE,PEN: Sol,2024-07,3.7644
PE,PEN: Sol,2024-08,3.741325
PE,PEN: Sol,2024-09,3.7682142857143
PE,PEN: Sol,2024-10,3.7535909090909
PE,PEN: Sol,2024-11,3.77885
PE,PEN: Sol,2024-12,3.7348947368421
PE,PEN: Sol,2025-01,3.7456904761905
PE,PEN: Sol,2025-02,3.6983947368421
PE,PEN: Sol,2025-03,3.6525714285714
PE,PEN: Sol,2025-04,3.6992105263158
PE,PEN: Sol,2025-05,3.6601428571429
PE,PEN: Sol,2025-06,3.6039047619048
PE,PEN: Sol,2025-07,3.5562
PE,PEN: Sol,2025-08,3.5432
PE,PEN: Sol,2025-09,3.5012857142857
PE,PEN: Sol,2025-10,3.4155476190476
PE,PEN: Sol,2025-11,3.37285
PE,PEN: Sol,2025-12,3.3667368421053
PE,PEN: Sol,2026-01,3.35675
